Prefetcher	Size	Hops	Start	End	Vertices Requested	Vertices Evicted	Cache Hits	Cache Misses	Total Runtime	Total DB time	DB calls
CTE Lookahead	1	20	28238	21382	2515	0	1694	821	931156502	660641447	821
CTE Lookahead	1	20	28238	21382	2515	0	1694	821	652759626	557924053	821
CTE Lookahead	1	20	28238	21382	2515	0	1694	821	698941909	610236299	821
CTE Lookahead	1	20	28238	21382	2515	0	1694	821	528396582	454683701	821
CTE Lookahead	1	20	28238	21382	2515	0	1694	821	624393995	537874177	821
CTE Lookahead	2	20	28238	21382	2515	0	2146	369	301238958	223826840	369
CTE Lookahead	2	20	28238	21382	2515	0	2146	369	262694543	205473324	369
CTE Lookahead	2	20	28238	21382	2515	0	2146	369	296887617	228833194	369
CTE Lookahead	2	20	28238	21382	2515	0	2146	369	380492061	295588269	369
CTE Lookahead	2	20	28238	21382	2515	0	2146	369	338969892	263557781	369
CTE Lookahead	3	20	28238	21382	2515	0	2330	185	182345732	132109255	185
CTE Lookahead	3	20	28238	21382	2515	0	2330	185	214266937	156696811	185
CTE Lookahead	3	20	28238	21382	2515	0	2330	185	282418387	212959542	185
CTE Lookahead	3	20	28238	21382	2515	0	2330	185	203071884	143993579	185
CTE Lookahead	3	20	28238	21382	2515	0	2330	185	178364233	131677433	185
CTE Lookahead	4	20	28238	21382	2515	0	2406	109	182530379	114493632	109
CTE Lookahead	4	20	28238	21382	2515	0	2406	109	182545216	114832841	109
CTE Lookahead	4	20	28238	21382	2515	0	2406	109	159781664	108778021	109
CTE Lookahead	4	20	28238	21382	2515	0	2406	109	170767396	110735630	109
CTE Lookahead	4	20	28238	21382	2515	0	2406	109	197769546	136326508	109
CTE Lookahead	5	20	28238	21382	2515	0	2443	72	202725115	144772081	72
CTE Lookahead	5	20	28238	21382	2515	0	2443	72	193363515	135245004	72
CTE Lookahead	5	20	28238	21382	2515	0	2443	72	183082728	119888590	72
CTE Lookahead	5	20	28238	21382	2515	0	2443	72	190693634	122123724	72
CTE Lookahead	5	20	28238	21382	2515	0	2443	72	186050699	126876331	72
CTE Lookahead	6	20	28238	21382	2515	0	2463	52	315048453	237115885	52
CTE Lookahead	6	20	28238	21382	2515	0	2463	52	286218697	217598676	52
CTE Lookahead	6	20	28238	21382	2515	0	2463	52	282144147	206328510	52
CTE Lookahead	6	20	28238	21382	2515	0	2463	52	419047037	314334300	52
CTE Lookahead	6	20	28238	21382	2515	0	2463	52	326870032	227596156	52
CTE Lookahead	7	20	28238	21382	2515	0	2476	39	582012382	447117554	39
CTE Lookahead	7	20	28238	21382	2515	0	2476	39	598120079	480992191	39
CTE Lookahead	7	20	28238	21382	2515	0	2476	39	549313940	437139238	39
CTE Lookahead	7	20	28238	21382	2515	0	2476	39	575875270	445727714	39
CTE Lookahead	7	20	28238	21382	2515	0	2476	39	558511100	453774930	39
CTE Lookahead	8	20	28238	21382	2515	0	2486	29	1365083889	1204653903	29
CTE Lookahead	8	20	28238	21382	2515	0	2486	29	1375312650	1218576937	29
CTE Lookahead	8	20	28238	21382	2515	0	2486	29	1339745693	1182264238	29
CTE Lookahead	8	20	28238	21382	2515	0	2486	29	1370642081	1252778577	29
CTE Lookahead	8	20	28238	21382	2515	0	2486	29	1345327504	1205550571	29
CTE Lookahead	9	20	28238	21382	2515	0	2493	22	4198003935	4046900567	22
CTE Lookahead	9	20	28238	21382	2515	0	2493	22	3968722014	3804177822	22
CTE Lookahead	9	20	28238	21382	2515	0	2493	22	3936686301	3783790376	22
CTE Lookahead	9	20	28238	21382	2515	0	2493	22	3970369180	3805601717	22
CTE Lookahead	9	20	28238	21382	2515	0	2493	22	3946734990	3816107567	22
Lookahead	1	20	28238	21382	2515	0	2146	369	1713672007	1575933664	738
Lookahead	1	20	28238	21382	2515	0	2146	369	1323775518	1220330006	738
Lookahead	1	20	28238	21382	2515	0	2146	369	1647500514	1530497235	738
Lookahead	1	20	28238	21382	2515	0	2146	369	1483410496	1379545725	738
Lookahead	1	20	28238	21382	2515	0	2146	369	1513913108	1407974770	738
Lookahead	5	20	28238	21382	2515	0	2465	50	678672513	576701088	300
Lookahead	5	20	28238	21382	2515	0	2465	50	641186065	544125114	300
Lookahead	5	20	28238	21382	2515	0	2465	50	688282863	594983100	300
Lookahead	5	20	28238	21382	2515	0	2465	50	689392448	590876651	300
Lookahead	5	20	28238	21382	2515	0	2465	50	688821074	603421894	300
Lookahead	10	20	28238	21382	2515	0	2500	15	455033052	355129713	165
Lookahead	10	20	28238	21382	2515	0	2500	15	494852410	392376480	165
Lookahead	10	20	28238	21382	2515	0	2500	15	511392847	410909972	165
Lookahead	10	20	28238	21382	2515	0	2500	15	422629121	324529450	165
Lookahead	10	20	28238	21382	2515	0	2500	15	463730939	371968894	165
Lookahead	20	20	28238	21382	2515	0	2510	5	393095814	276865561	105
Lookahead	20	20	28238	21382	2515	0	2510	5	370081009	262421970	105
Lookahead	20	20	28238	21382	2515	0	2510	5	373813236	262078460	105
Lookahead	20	20	28238	21382	2515	0	2510	5	393092465	276250724	105
Lookahead	20	20	28238	21382	2515	0	2510	5	416775364	293055132	105
Lookahead	40	20	28238	21382	2515	0	2514	1	392946866	173180697	41
Lookahead	40	20	28238	21382	2515	0	2514	1	361173389	162975280	41
Lookahead	40	20	28238	21382	2515	0	2514	1	315536565	130885444	41
Lookahead	40	20	28238	21382	2515	0	2514	1	337395291	128924189	41
Lookahead	40	20	28238	21382	2515	0	2514	1	293686661	140687133	41
Lookahead	60	20	28238	21382	2515	0	2514	1	982537718	379679132	61
Lookahead	60	20	28238	21382	2515	0	2514	1	885225373	279420705	61
Lookahead	60	20	28238	21382	2515	0	2514	1	1029252579	314590070	61
Lookahead	60	20	28238	21382	2515	0	2514	1	1125119082	369299162	61
Lookahead	60	20	28238	21382	2515	0	2514	1	865431190	282476804	61
Lookahead	80	20	28238	21382	2515	0	2514	1	2142255709	584493678	81
Lookahead	80	20	28238	21382	2515	0	2514	1	2024966134	555311018	81
Lookahead	80	20	28238	21382	2515	0	2514	1	2068397085	516710929	81
Lookahead	80	20	28238	21382	2515	0	2514	1	2149033615	610150948	81
Lookahead	80	20	28238	21382	2515	0	2514	1	2016862838	567331335	81
Lookahead	100	20	28238	21382	2515	0	2514	1	6267567462	1940938385	101
Lookahead	100	20	28238	21382	2515	0	2514	1	5761681535	1846983496	101
Lookahead	100	20	28238	21382	2515	0	2514	1	5999192350	1828993004	101
Lookahead	100	20	28238	21382	2515	0	2514	1	5669243135	1778848709	101
Lookahead	100	20	28238	21382	2515	0	2514	1	5846853507	1875448176	101
Lookahead	120	20	28238	21382	2515	0	2514	1	12255351932	4361603775	121
Lookahead	120	20	28238	21382	2515	0	2514	1	12553622204	4171752322	121
Lookahead	120	20	28238	21382	2515	0	2514	1	11802766873	4181236941	121
Lookahead	120	20	28238	21382	2515	0	2514	1	12509546052	3950575990	121
Lookahead	120	20	28238	21382	2515	0	2514	1	11687090869	4015355905	121
Lookahead	140	20	28238	21382	2515	0	2514	1	18994933713	6416775326	141
Lookahead	140	20	28238	21382	2515	0	2514	1	19621664902	6600995213	141
Lookahead	140	20	28238	21382	2515	0	2514	1	19673407810	6655636306	141
Lookahead	140	20	28238	21382	2515	0	2514	1	19497080543	6864080831	141
Lookahead	140	20	28238	21382	2515	0	2514	1	18926119683	6428150512	141
Lookahead	160	20	28238	21382	2515	0	2514	1	26964639305	9362503112	161
Lookahead	160	20	28238	21382	2515	0	2514	1	26140524376	9073139780	161
Lookahead	160	20	28238	21382	2515	0	2514	1	26438415473	9107203738	161
Lookahead	160	20	28238	21382	2515	0	2514	1	26855982829	9245852057	161
Lookahead	160	20	28238	21382	2515	0	2514	1	26829547535	8971898445	161
Lookahead	180	20	28238	21382	2515	0	2514	1	35393006946	11741843934	181
Lookahead	180	20	28238	21382	2515	0	2514	1	35204559312	11406871507	181
Lookahead	180	20	28238	21382	2515	0	2514	1	38542658209	11972249261	181
Lookahead	180	20	28238	21382	2515	0	2514	1	36329774815	11689568869	181
Lookahead	180	20	28238	21382	2515	0	2514	1	36136881529	11190801412	181
Lookahead	200	20	28238	21382	2515	0	2514	1	46101860905	14364760230	201
Lookahead	200	20	28238	21382	2515	0	2514	1	45696271843	13974164887	201
Lookahead	200	20	28238	21382	2515	0	2514	1	44903290025	13430144838	201
Lookahead	200	20	28238	21382	2515	0	2514	1	45846888880	14179382019	201
Lookahead	200	20	28238	21382	2515	0	2514	1	45948805303	14174708816	201
Null Prefetcher	0	20	28238	21382	2515	0	1694	821	1587187262	1484988583	821
Null Prefetcher	0	20	28238	21382	2515	0	1694	821	1648740044	1566524359	821
Null Prefetcher	0	20	28238	21382	2515	0	1694	821	1712886112	1630260447	821
Null Prefetcher	0	20	28238	21382	2515	0	1694	821	1684336980	1611565998	821
Null Prefetcher	0	20	28238	21382	2515	0	1694	821	1555600156	1474668277	821
Block	100	20	28238	21382	2515	0	1705	810	41644962427	41442164187	810
Block	100	20	28238	21382	2515	0	1705	810	43391065162	43209204244	810
Block	100	20	28238	21382	2515	0	1705	810	42689614582	42514893666	810
Block	100	20	28238	21382	2515	0	1705	810	42606681867	42435446244	810
Block	100	20	28238	21382	2515	0	1705	810	40851316024	40675703321	810
Block	1000	20	28238	21382	2515	0	2147	368	20488239220	20371312277	368
Block	1000	20	28238	21382	2515	0	2147	368	18399822792	18286935819	368
Block	1000	20	28238	21382	2515	0	2147	368	20077129057	19962842981	368
Block	1000	20	28238	21382	2515	0	2147	368	18560628617	18450044650	368
Block	1000	20	28238	21382	2515	0	2147	368	18666091077	18557179179	368
Block	5000	20	28238	21382	2515	0	2482	33	1812670007	1663272319	33
Block	5000	20	28238	21382	2515	0	2482	33	1788160349	1626995237	33
Block	5000	20	28238	21382	2515	0	2482	33	1871599628	1717573102	33
Block	5000	20	28238	21382	2515	0	2482	33	1898451671	1746649285	33
Block	5000	20	28238	21382	2515	0	2482	33	2360129197	2197785786	33
Block	10000	20	28238	21382	2515	0	2506	9	1123662915	794567341	9
Block	10000	20	28238	21382	2515	0	2506	9	1087325931	780158935	9
Block	10000	20	28238	21382	2515	0	2506	9	1064659089	766431165	9
Block	10000	20	28238	21382	2515	0	2506	9	1011611097	713467401	9
Block	10000	20	28238	21382	2515	0	2506	9	1081642545	771021991	9
Block	15000	20	28238	21382	2515	0	2509	6	1085366681	508276209	6
Block	15000	20	28238	21382	2515	0	2509	6	1108184780	518034860	6
Block	15000	20	28238	21382	2515	0	2509	6	999358607	430745226	6
Block	15000	20	28238	21382	2515	0	2509	6	1044673919	429824901	6
Block	15000	20	28238	21382	2515	0	2509	6	1148462144	499038447	6
Block	20000	20	28238	21382	2515	0	2512	3	973397339	241815203	3
Block	20000	20	28238	21382	2515	0	2512	3	921594605	259303162	3
Block	20000	20	28238	21382	2515	0	2512	3	915570416	254688095	3
Block	20000	20	28238	21382	2515	0	2512	3	1020939860	269681170	3
Block	20000	20	28238	21382	2515	0	2512	3	1003195939	273468086	3
CTE Lookahead	1	40	131882	132255	1960	0	1241	719	528278636	457349986	719
CTE Lookahead	1	40	131882	132255	1960	0	1241	719	416179341	361882786	719
CTE Lookahead	1	40	131882	132255	1960	0	1241	719	454931097	392283596	719
CTE Lookahead	1	40	131882	132255	1960	0	1241	719	496260999	434889866	719
CTE Lookahead	1	40	131882	132255	1960	0	1241	719	523541019	452764062	719
CTE Lookahead	2	40	131882	132255	1960	0	1637	323	270908526	208549042	323
CTE Lookahead	2	40	131882	132255	1960	0	1637	323	218159886	175744327	323
CTE Lookahead	2	40	131882	132255	1960	0	1637	323	305348549	235823118	323
CTE Lookahead	2	40	131882	132255	1960	0	1637	323	267389645	217435639	323
CTE Lookahead	2	40	131882	132255	1960	0	1637	323	259765753	216579972	323
CTE Lookahead	3	40	131882	132255	1960	0	1792	168	164267945	124180259	168
CTE Lookahead	3	40	131882	132255	1960	0	1792	168	167352253	119882826	168
CTE Lookahead	3	40	131882	132255	1960	0	1792	168	167681251	125917741	168
CTE Lookahead	3	40	131882	132255	1960	0	1792	168	160386917	114509733	168
CTE Lookahead	3	40	131882	132255	1960	0	1792	168	186804296	137704170	168
CTE Lookahead	4	40	131882	132255	1960	0	1853	107	171354043	113635685	107
CTE Lookahead	4	40	131882	132255	1960	0	1853	107	165513271	114722451	107
CTE Lookahead	4	40	131882	132255	1960	0	1853	107	154752263	102405512	107
CTE Lookahead	4	40	131882	132255	1960	0	1853	107	166283632	109796678	107
CTE Lookahead	4	40	131882	132255	1960	0	1853	107	194268269	136677591	107
CTE Lookahead	5	40	131882	132255	1960	0	1888	72	148345752	106208856	72
CTE Lookahead	5	40	131882	132255	1960	0	1888	72	149114779	107149610	72
CTE Lookahead	5	40	131882	132255	1960	0	1888	72	150892373	107729540	72
CTE Lookahead	5	40	131882	132255	1960	0	1888	72	148474304	106219212	72
CTE Lookahead	5	40	131882	132255	1960	0	1888	72	199604123	136674986	72
CTE Lookahead	6	40	131882	132255	1960	0	1906	54	342702723	266823253	54
CTE Lookahead	6	40	131882	132255	1960	0	1906	54	237198518	180562255	54
CTE Lookahead	6	40	131882	132255	1960	0	1906	54	237526908	180100557	54
CTE Lookahead	6	40	131882	132255	1960	0	1906	54	302205209	229577150	54
CTE Lookahead	6	40	131882	132255	1960	0	1906	54	241603976	181906445	54
CTE Lookahead	7	40	131882	132255	1960	0	1919	41	491244581	386772840	41
CTE Lookahead	7	40	131882	132255	1960	0	1919	41	461134879	378697155	41
CTE Lookahead	7	40	131882	132255	1960	0	1919	41	459744549	368620338	41
CTE Lookahead	7	40	131882	132255	1960	0	1919	41	465783166	364320826	41
CTE Lookahead	7	40	131882	132255	1960	0	1919	41	463915453	379289140	41
CTE Lookahead	8	40	131882	132255	1960	0	1927	33	1251239316	1116319210	33
CTE Lookahead	8	40	131882	132255	1960	0	1927	33	1183296965	1051383875	33
CTE Lookahead	8	40	131882	132255	1960	0	1927	33	1186651573	1071099434	33
CTE Lookahead	8	40	131882	132255	1960	0	1927	33	1165779876	1039291258	33
CTE Lookahead	8	40	131882	132255	1960	0	1927	33	1207482006	1068172503	33
CTE Lookahead	9	40	131882	132255	1960	0	1933	27	3045621498	2894126660	27
CTE Lookahead	9	40	131882	132255	1960	0	1933	27	2949295676	2818736576	27
CTE Lookahead	9	40	131882	132255	1960	0	1933	27	3049534409	2889847908	27
CTE Lookahead	9	40	131882	132255	1960	0	1933	27	3238528528	3095908454	27
CTE Lookahead	9	40	131882	132255	1960	0	1933	27	3006156144	2844184152	27
Lookahead	1	40	131882	132255	1960	0	1638	322	1236554200	1153831847	644
Lookahead	1	40	131882	132255	1960	0	1638	322	1165772893	1084468233	644
Lookahead	1	40	131882	132255	1960	0	1638	322	1438835501	1354358788	644
Lookahead	1	40	131882	132255	1960	0	1638	322	1386418852	1306164539	644
Lookahead	1	40	131882	132255	1960	0	1638	322	1212758564	1137988136	644
Lookahead	5	40	131882	132255	1960	0	1906	54	822415595	733990895	324
Lookahead	5	40	131882	132255	1960	0	1906	54	806720454	724119817	324
Lookahead	5	40	131882	132255	1960	0	1906	54	677219435	595951611	324
Lookahead	5	40	131882	132255	1960	0	1906	54	691175442	611415694	324
Lookahead	5	40	131882	132255	1960	0	1906	54	823286055	736471890	324
Lookahead	10	40	131882	132255	1960	0	1944	16	461204448	391664495	176
Lookahead	10	40	131882	132255	1960	0	1944	16	425359890	355999851	176
Lookahead	10	40	131882	132255	1960	0	1944	16	389158284	314450549	176
Lookahead	10	40	131882	132255	1960	0	1944	16	481443116	397981893	176
Lookahead	10	40	131882	132255	1960	0	1944	16	420512528	342954128	176
Lookahead	20	40	131882	132255	1960	0	1954	6	389196976	286011363	126
Lookahead	20	40	131882	132255	1960	0	1954	6	417023504	298066346	126
Lookahead	20	40	131882	132255	1960	0	1954	6	389639341	267054711	126
Lookahead	20	40	131882	132255	1960	0	1954	6	406870538	296305700	126
Lookahead	20	40	131882	132255	1960	0	1954	6	443069876	330155891	126
Lookahead	40	40	131882	132255	1960	0	1959	1	235839953	125590855	41
Lookahead	40	40	131882	132255	1960	0	1959	1	246134664	119163759	41
Lookahead	40	40	131882	132255	1960	0	1959	1	268161483	142058393	41
Lookahead	40	40	131882	132255	1960	0	1959	1	236080732	120342472	41
Lookahead	40	40	131882	132255	1960	0	1959	1	190869063	103290136	41
Lookahead	60	40	131882	132255	1960	0	1959	1	808100487	298992142	61
Lookahead	60	40	131882	132255	1960	0	1959	1	839200320	331707985	61
Lookahead	60	40	131882	132255	1960	0	1959	1	851657733	311196911	61
Lookahead	60	40	131882	132255	1960	0	1959	1	865184212	326514554	61
Lookahead	60	40	131882	132255	1960	0	1959	1	774881196	278605961	61
Lookahead	80	40	131882	132255	1960	0	1959	1	1748466648	510697524	81
Lookahead	80	40	131882	132255	1960	0	1959	1	1796192618	504707351	81
Lookahead	80	40	131882	132255	1960	0	1959	1	2024945193	581228710	81
Lookahead	80	40	131882	132255	1960	0	1959	1	2045300591	584426705	81
Lookahead	80	40	131882	132255	1960	0	1959	1	2196801403	646888134	81
Lookahead	100	40	131882	132255	1960	0	1959	1	4961930060	1394584231	101
Lookahead	100	40	131882	132255	1960	0	1959	1	4646984689	1254051941	101
Lookahead	100	40	131882	132255	1960	0	1959	1	4839110127	1322796809	101
Lookahead	100	40	131882	132255	1960	0	1959	1	4697969185	1290516058	101
Lookahead	100	40	131882	132255	1960	0	1959	1	4812078824	1277377824	101
Lookahead	120	40	131882	132255	1960	0	1959	1	11792649509	3811313263	121
Lookahead	120	40	131882	132255	1960	0	1959	1	11655963651	3606751847	121
Lookahead	120	40	131882	132255	1960	0	1959	1	11796582851	3872422171	121
Lookahead	120	40	131882	132255	1960	0	1959	1	11910817513	3815088619	121
Lookahead	120	40	131882	132255	1960	0	1959	1	11737180332	3866638738	121
Lookahead	140	40	131882	132255	1960	0	1959	1	17922595401	6189839471	141
Lookahead	140	40	131882	132255	1960	0	1959	1	17969962576	6363085272	141
Lookahead	140	40	131882	132255	1960	0	1959	1	17872817552	6164314250	141
Lookahead	140	40	131882	132255	1960	0	1959	1	17786080418	6324511587	141
Lookahead	140	40	131882	132255	1960	0	1959	1	17614868175	5979828783	141
Lookahead	160	40	131882	132255	1960	0	1959	1	26407288191	9000070562	161
Lookahead	160	40	131882	132255	1960	0	1959	1	25640783189	8704039673	161
Lookahead	160	40	131882	132255	1960	0	1959	1	25989554248	8641815905	161
Lookahead	160	40	131882	132255	1960	0	1959	1	26426345797	9279919115	161
Lookahead	160	40	131882	132255	1960	0	1959	1	26076448143	8867601941	161
Lookahead	180	40	131882	132255	1960	0	1959	1	36354971362	11659822801	181
Lookahead	180	40	131882	132255	1960	0	1959	1	36326418087	11718273089	181
Lookahead	180	40	131882	132255	1960	0	1959	1	35643704545	10904035529	181
Lookahead	180	40	131882	132255	1960	0	1959	1	36392943857	11237322542	181
Lookahead	180	40	131882	132255	1960	0	1959	1	36750671588	11347261169	181
Lookahead	200	40	131882	132255	1960	0	1959	1	45795612925	14003783950	201
Lookahead	200	40	131882	132255	1960	0	1959	1	46037603773	13690787211	201
Lookahead	200	40	131882	132255	1960	0	1959	1	45594873483	14042085465	201
Lookahead	200	40	131882	132255	1960	0	1959	1	46110435840	14033739018	201
Lookahead	200	40	131882	132255	1960	0	1959	1	45800555850	13740741425	201
Null Prefetcher	0	40	131882	132255	1960	0	1241	719	1691777768	1614775906	719
Null Prefetcher	0	40	131882	132255	1960	0	1241	719	1647953315	1576645926	719
Null Prefetcher	0	40	131882	132255	1960	0	1241	719	1462305680	1400267113	719
Null Prefetcher	0	40	131882	132255	1960	0	1241	719	1643741529	1570388820	719
Null Prefetcher	0	40	131882	132255	1960	0	1241	719	1348985824	1284657924	719
Block	100	40	131882	132255	1960	0	1254	706	32265460366	32133014027	706
Block	100	40	131882	132255	1960	0	1254	706	33110649597	32976523352	706
Block	100	40	131882	132255	1960	0	1254	706	32776759758	32641742943	706
Block	100	40	131882	132255	1960	0	1254	706	33310090800	33176083413	706
Block	100	40	131882	132255	1960	0	1254	706	32929468215	32802994096	706
Block	1000	40	131882	132255	1960	0	1566	394	20848702316	20747682143	394
Block	1000	40	131882	132255	1960	0	1566	394	18077411238	17979351478	394
Block	1000	40	131882	132255	1960	0	1566	394	18340230797	18241880316	394
Block	1000	40	131882	132255	1960	0	1566	394	18128723421	18030668335	394
Block	1000	40	131882	132255	1960	0	1566	394	18048300841	17949991955	394
Block	5000	40	131882	132255	1960	0	1900	60	2940412819	2844678121	60
Block	5000	40	131882	132255	1960	0	1900	60	3107780056	3005535139	60
Block	5000	40	131882	132255	1960	0	1900	60	3933036848	3836620068	60
Block	5000	40	131882	132255	1960	0	1900	60	3667243007	3578965759	60
Block	5000	40	131882	132255	1960	0	1900	60	3192045102	3106751272	60
Block	10000	40	131882	132255	1960	0	1939	21	1277217024	1143284110	21
Block	10000	40	131882	132255	1960	0	1939	21	1262884599	1099581957	21
Block	10000	40	131882	132255	1960	0	1939	21	1179048238	1020309096	21
Block	10000	40	131882	132255	1960	0	1939	21	1228645172	1095906315	21
Block	10000	40	131882	132255	1960	0	1939	21	1152697869	1018995141	21
Block	15000	40	131882	132255	1960	0	1948	12	1086463232	749335846	12
Block	15000	40	131882	132255	1960	0	1948	12	1049871512	697757197	12
Block	15000	40	131882	132255	1960	0	1948	12	946381509	669355729	12
Block	15000	40	131882	132255	1960	0	1948	12	1048039064	730018676	12
Block	15000	40	131882	132255	1960	0	1948	12	1185015949	851648639	12
Block	20000	40	131882	132255	1960	0	1953	7	1008194091	536886105	7
Block	20000	40	131882	132255	1960	0	1953	7	974997381	507334316	7
Block	20000	40	131882	132255	1960	0	1953	7	796909875	444465284	7
Block	20000	40	131882	132255	1960	0	1953	7	948475980	506530647	7
Block	20000	40	131882	132255	1960	0	1953	7	984486706	506822298	7
CTE Lookahead	1	60	237418	239460	2327	0	1386	941	921260903	800252533	941
CTE Lookahead	1	60	237418	239460	2327	0	1386	941	793275327	690797108	941
CTE Lookahead	1	60	237418	239460	2327	0	1386	941	714062073	620860629	941
CTE Lookahead	1	60	237418	239460	2327	0	1386	941	788286762	682646312	941
CTE Lookahead	1	60	237418	239460	2327	0	1386	941	677381385	580514238	941
CTE Lookahead	2	60	237418	239460	2327	0	1875	452	347228462	283277603	452
CTE Lookahead	2	60	237418	239460	2327	0	1875	452	403013681	330344777	452
CTE Lookahead	2	60	237418	239460	2327	0	1875	452	443729540	363080746	452
CTE Lookahead	2	60	237418	239460	2327	0	1875	452	353962762	278886040	452
CTE Lookahead	2	60	237418	239460	2327	0	1875	452	389105987	306624079	452
CTE Lookahead	3	60	237418	239460	2327	0	2090	237	192920070	146618485	237
CTE Lookahead	3	60	237418	239460	2327	0	2090	237	295329649	226125348	237
CTE Lookahead	3	60	237418	239460	2327	0	2090	237	208946830	155311440	237
CTE Lookahead	3	60	237418	239460	2327	0	2090	237	217192415	158122649	237
CTE Lookahead	3	60	237418	239460	2327	0	2090	237	256478245	194600097	237
CTE Lookahead	4	60	237418	239460	2327	0	2167	160	206114605	145326234	160
CTE Lookahead	4	60	237418	239460	2327	0	2167	160	271922327	200582868	160
CTE Lookahead	4	60	237418	239460	2327	0	2167	160	217751361	162095505	160
CTE Lookahead	4	60	237418	239460	2327	0	2167	160	180696141	129422327	160
CTE Lookahead	4	60	237418	239460	2327	0	2167	160	215769861	164719497	160
CTE Lookahead	5	60	237418	239460	2327	0	2219	108	216615086	165381842	108
CTE Lookahead	5	60	237418	239460	2327	0	2219	108	225092512	158521910	108
CTE Lookahead	5	60	237418	239460	2327	0	2219	108	187012561	127388235	108
CTE Lookahead	5	60	237418	239460	2327	0	2219	108	176605764	124242896	108
CTE Lookahead	5	60	237418	239460	2327	0	2219	108	179822100	127649128	108
CTE Lookahead	6	60	237418	239460	2327	0	2245	82	261720868	192772723	82
CTE Lookahead	6	60	237418	239460	2327	0	2245	82	243285516	179412055	82
CTE Lookahead	6	60	237418	239460	2327	0	2245	82	238223853	176952475	82
CTE Lookahead	6	60	237418	239460	2327	0	2245	82	256960126	184647411	82
CTE Lookahead	6	60	237418	239460	2327	0	2245	82	270833250	184972170	82
CTE Lookahead	7	60	237418	239460	2327	0	2263	64	383617865	301314289	64
CTE Lookahead	7	60	237418	239460	2327	0	2263	64	424074177	335771488	64
CTE Lookahead	7	60	237418	239460	2327	0	2263	64	381930299	314897020	64
CTE Lookahead	7	60	237418	239460	2327	0	2263	64	480805185	371270911	64
CTE Lookahead	7	60	237418	239460	2327	0	2263	64	475150165	366078482	64
CTE Lookahead	8	60	237418	239460	2327	0	2278	49	714946642	608995738	49
CTE Lookahead	8	60	237418	239460	2327	0	2278	49	701612328	607961166	49
CTE Lookahead	8	60	237418	239460	2327	0	2278	49	732225184	604443684	49
CTE Lookahead	8	60	237418	239460	2327	0	2278	49	712570194	599816061	49
CTE Lookahead	8	60	237418	239460	2327	0	2278	49	714887565	596636198	49
CTE Lookahead	9	60	237418	239460	2327	0	2282	45	1396925242	1256491652	45
CTE Lookahead	9	60	237418	239460	2327	0	2282	45	1436586294	1313179221	45
CTE Lookahead	9	60	237418	239460	2327	0	2282	45	1393819739	1259461481	45
CTE Lookahead	9	60	237418	239460	2327	0	2282	45	1392308488	1261532616	45
CTE Lookahead	9	60	237418	239460	2327	0	2282	45	1390013786	1273999245	45
Lookahead	1	60	237418	239460	2327	0	1872	455	1696809865	1592098650	910
Lookahead	1	60	237418	239460	2327	0	1872	455	1722391054	1609641255	910
Lookahead	1	60	237418	239460	2327	0	1872	455	1871950223	1765238148	910
Lookahead	1	60	237418	239460	2327	0	1872	455	2022197053	1910247365	910
Lookahead	1	60	237418	239460	2327	0	1872	455	1691171833	1596317303	910
Lookahead	5	60	237418	239460	2327	0	2241	86	1094160426	999995161	516
Lookahead	5	60	237418	239460	2327	0	2241	86	1270261933	1168673392	516
Lookahead	5	60	237418	239460	2327	0	2241	86	1230384390	1127300732	516
Lookahead	5	60	237418	239460	2327	0	2241	86	1070778488	978256330	516
Lookahead	5	60	237418	239460	2327	0	2241	86	1140346635	1038761203	516
Lookahead	10	60	237418	239460	2327	0	2301	26	666315042	570828551	286
Lookahead	10	60	237418	239460	2327	0	2301	26	752474903	649535754	286
Lookahead	10	60	237418	239460	2327	0	2301	26	833118218	724875945	286
Lookahead	10	60	237418	239460	2327	0	2301	26	748130169	655791817	286
Lookahead	10	60	237418	239460	2327	0	2301	26	677737646	579936558	286
Lookahead	20	60	237418	239460	2327	0	2318	9	694056994	560200849	189
Lookahead	20	60	237418	239460	2327	0	2318	9	582653137	465142998	189
Lookahead	20	60	237418	239460	2327	0	2318	9	482986060	375545891	189
Lookahead	20	60	237418	239460	2327	0	2318	9	541829671	438005687	189
Lookahead	20	60	237418	239460	2327	0	2318	9	474144479	368662790	189
Lookahead	40	60	237418	239460	2327	0	2325	2	278994248	210811874	82
Lookahead	40	60	237418	239460	2327	0	2325	2	297683892	211552479	82
Lookahead	40	60	237418	239460	2327	0	2325	2	259014624	179604198	82
Lookahead	40	60	237418	239460	2327	0	2325	2	316013736	224925130	82
Lookahead	40	60	237418	239460	2327	0	2325	2	284983760	200545497	82
Lookahead	60	60	237418	239460	2327	0	2326	1	361292243	211124820	61
Lookahead	60	60	237418	239460	2327	0	2326	1	355898806	206133654	61
Lookahead	60	60	237418	239460	2327	0	2326	1	295070702	170153733	61
Lookahead	60	60	237418	239460	2327	0	2326	1	353301799	209719522	61
Lookahead	60	60	237418	239460	2327	0	2326	1	279278039	167438712	61
Lookahead	80	60	237418	239460	2327	0	2326	1	510843256	270305057	81
Lookahead	80	60	237418	239460	2327	0	2326	1	417050067	235851307	81
Lookahead	80	60	237418	239460	2327	0	2326	1	477812289	264365446	81
Lookahead	80	60	237418	239460	2327	0	2326	1	504414003	238267520	81
Lookahead	80	60	237418	239460	2327	0	2326	1	481433488	258713422	81
Lookahead	100	60	237418	239460	2327	0	2326	1	711387863	343698635	101
Lookahead	100	60	237418	239460	2327	0	2326	1	711931879	340488602	101
Lookahead	100	60	237418	239460	2327	0	2326	1	709320690	376971065	101
Lookahead	100	60	237418	239460	2327	0	2326	1	685606432	351996268	101
Lookahead	100	60	237418	239460	2327	0	2326	1	741183294	355043969	101
Lookahead	120	60	237418	239460	2327	0	2326	1	1118125563	534511357	121
Lookahead	120	60	237418	239460	2327	0	2326	1	971677386	420140857	121
Lookahead	120	60	237418	239460	2327	0	2326	1	964355387	440016546	121
Lookahead	120	60	237418	239460	2327	0	2326	1	1103243765	508632753	121
Lookahead	120	60	237418	239460	2327	0	2326	1	984608261	420949090	121
Lookahead	140	60	237418	239460	2327	0	2326	1	1701702541	680057274	141
Lookahead	140	60	237418	239460	2327	0	2326	1	1547512093	574319010	141
Lookahead	140	60	237418	239460	2327	0	2326	1	1561930084	590678900	141
Lookahead	140	60	237418	239460	2327	0	2326	1	1567268814	595654530	141
Lookahead	140	60	237418	239460	2327	0	2326	1	1743144142	682864077	141
Lookahead	160	60	237418	239460	2327	0	2326	1	2949120208	986688656	161
Lookahead	160	60	237418	239460	2327	0	2326	1	3111181928	896354531	161
Lookahead	160	60	237418	239460	2327	0	2326	1	2822423169	881242011	161
Lookahead	160	60	237418	239460	2327	0	2326	1	3089029792	986724931	161
Lookahead	160	60	237418	239460	2327	0	2326	1	2928085891	886143200	161
Lookahead	180	60	237418	239460	2327	0	2326	1	6661550768	2239895919	181
Lookahead	180	60	237418	239460	2327	0	2326	1	6416838298	1967852683	181
Lookahead	180	60	237418	239460	2327	0	2326	1	6114887551	1681019817	181
Lookahead	180	60	237418	239460	2327	0	2326	1	6508399867	1928837321	181
Lookahead	180	60	237418	239460	2327	0	2326	1	6372219571	1999593902	181
Lookahead	200	60	237418	239460	2327	0	2326	1	12886240296	4467280345	201
Lookahead	200	60	237418	239460	2327	0	2326	1	12942565903	4483880921	201
Lookahead	200	60	237418	239460	2327	0	2326	1	11759798069	4144380451	201
Lookahead	200	60	237418	239460	2327	0	2326	1	11839630691	4157535539	201
Lookahead	200	60	237418	239460	2327	0	2326	1	12063591504	4216572223	201
Null Prefetcher	0	60	237418	239460	2327	0	1386	941	1912901119	1825697520	941
Null Prefetcher	0	60	237418	239460	2327	0	1386	941	2278118751	2184406264	941
Null Prefetcher	0	60	237418	239460	2327	0	1386	941	1947643466	1863401053	941
Null Prefetcher	0	60	237418	239460	2327	0	1386	941	1777543340	1694206043	941
Null Prefetcher	0	60	237418	239460	2327	0	1386	941	1822919065	1739340555	941
Block	100	60	237418	239460	2327	0	1401	926	47965551879	47797029119	926
Block	100	60	237418	239460	2327	0	1401	926	51204287581	51038428531	926
Block	100	60	237418	239460	2327	0	1401	926	49834597817	49666607351	926
Block	100	60	237418	239460	2327	0	1401	926	53594671510	53424181215	926
Block	100	60	237418	239460	2327	0	1401	926	49685543480	49521957939	926
Block	1000	60	237418	239460	2327	0	1837	490	25762490708	25654477363	490
Block	1000	60	237418	239460	2327	0	1837	490	28497832094	28385713474	490
Block	1000	60	237418	239460	2327	0	1837	490	26245982680	26135341012	490
Block	1000	60	237418	239460	2327	0	1837	490	26685361858	26571775594	490
Block	1000	60	237418	239460	2327	0	1837	490	26292559633	26180646656	490
Block	5000	60	237418	239460	2327	0	2248	79	4450371362	4357565811	79
Block	5000	60	237418	239460	2327	0	2248	79	4345101107	4237915257	79
Block	5000	60	237418	239460	2327	0	2248	79	4658505180	4556386717	79
Block	5000	60	237418	239460	2327	0	2248	79	4268499924	4168628233	79
Block	5000	60	237418	239460	2327	0	2248	79	4513507257	4404642344	79
Block	10000	60	237418	239460	2327	0	2298	29	1703350023	1565680226	29
Block	10000	60	237418	239460	2327	0	2298	29	1732874027	1583601236	29
Block	10000	60	237418	239460	2327	0	2298	29	1920610549	1752418748	29
Block	10000	60	237418	239460	2327	0	2298	29	1878202101	1723913968	29
Block	10000	60	237418	239460	2327	0	2298	29	1836480461	1678482002	29
Block	15000	60	237418	239460	2327	0	2312	15	1224243440	976792543	15
Block	15000	60	237418	239460	2327	0	2312	15	1390616974	1111199511	15
Block	15000	60	237418	239460	2327	0	2312	15	1378563180	1101280061	15
Block	15000	60	237418	239460	2327	0	2312	15	1235829789	1002043418	15
Block	15000	60	237418	239460	2327	0	2312	15	1343860195	1065019570	15
Block	20000	60	237418	239460	2327	0	2319	8	999188670	668238753	8
Block	20000	60	237418	239460	2327	0	2319	8	945880461	639390020	8
Block	20000	60	237418	239460	2327	0	2319	8	904284263	635934853	8
Block	20000	60	237418	239460	2327	0	2319	8	976514442	668482191	8
Block	20000	60	237418	239460	2327	0	2319	8	961119462	652283195	8
CTE Lookahead	1	80	239295	240783	6586	0	4061	2525	1725602821	1491165328	2525
CTE Lookahead	1	80	239295	240783	6586	0	4061	2525	1699597774	1474910184	2525
CTE Lookahead	1	80	239295	240783	6586	0	4061	2525	2188392828	1896460394	2525
CTE Lookahead	1	80	239295	240783	6586	0	4061	2525	1629626092	1408952979	2525
CTE Lookahead	1	80	239295	240783	6586	0	4061	2525	2095592970	1806988350	2525
CTE Lookahead	2	80	239295	240783	6586	0	5407	1179	1131642629	925681290	1179
CTE Lookahead	2	80	239295	240783	6586	0	5407	1179	1047290557	846511684	1179
CTE Lookahead	2	80	239295	240783	6586	0	5407	1179	1026217896	833602794	1179
CTE Lookahead	2	80	239295	240783	6586	0	5407	1179	1125851149	913469417	1179
CTE Lookahead	2	80	239295	240783	6586	0	5407	1179	1025544391	820757960	1179
CTE Lookahead	3	80	239295	240783	6586	0	5940	646	661779367	508271746	646
CTE Lookahead	3	80	239295	240783	6586	0	5940	646	807440367	609586647	646
CTE Lookahead	3	80	239295	240783	6586	0	5940	646	624309477	454380923	646
CTE Lookahead	3	80	239295	240783	6586	0	5940	646	647812487	478735352	646
CTE Lookahead	3	80	239295	240783	6586	0	5940	646	860985011	657393586	646
CTE Lookahead	4	80	239295	240783	6586	0	6182	404	468884637	334015965	404
CTE Lookahead	4	80	239295	240783	6586	0	6182	404	551768312	383573933	404
CTE Lookahead	4	80	239295	240783	6586	0	6182	404	472872196	333206753	404
CTE Lookahead	4	80	239295	240783	6586	0	6182	404	543405067	390921614	404
CTE Lookahead	4	80	239295	240783	6586	0	6182	404	435455188	311779649	404
CTE Lookahead	5	80	239295	240783	6586	0	6306	280	592446239	422563250	280
CTE Lookahead	5	80	239295	240783	6586	0	6306	280	537890756	386317383	280
CTE Lookahead	5	80	239295	240783	6586	0	6306	280	677455463	484108372	280
CTE Lookahead	5	80	239295	240783	6586	0	6306	280	640808499	449387299	280
CTE Lookahead	5	80	239295	240783	6586	0	6306	280	671702477	489000498	280
CTE Lookahead	6	80	239295	240783	6586	0	6370	216	715427369	512541284	216
CTE Lookahead	6	80	239295	240783	6586	0	6370	216	599725923	453100078	216
CTE Lookahead	6	80	239295	240783	6586	0	6370	216	660946560	480482989	216
CTE Lookahead	6	80	239295	240783	6586	0	6370	216	760149946	561259663	216
CTE Lookahead	6	80	239295	240783	6586	0	6370	216	773439327	549503743	216
CTE Lookahead	7	80	239295	240783	6586	0	6428	158	1053506211	837541910	158
CTE Lookahead	7	80	239295	240783	6586	0	6428	158	1011322149	798111473	158
CTE Lookahead	7	80	239295	240783	6586	0	6428	158	1095042413	850673486	158
CTE Lookahead	7	80	239295	240783	6586	0	6428	158	947534668	733118471	158
CTE Lookahead	7	80	239295	240783	6586	0	6428	158	1047431705	802906237	158
CTE Lookahead	8	80	239295	240783	6586	0	6459	127	1858091494	1594788776	127
CTE Lookahead	8	80	239295	240783	6586	0	6459	127	1925879551	1619399826	127
CTE Lookahead	8	80	239295	240783	6586	0	6459	127	1929850644	1625587845	127
CTE Lookahead	8	80	239295	240783	6586	0	6459	127	1862086379	1623930033	127
CTE Lookahead	8	80	239295	240783	6586	0	6459	127	1894252278	1595829508	127
CTE Lookahead	9	80	239295	240783	6586	0	6479	107	3937922163	3593126701	107
CTE Lookahead	9	80	239295	240783	6586	0	6479	107	3979009991	3630254621	107
CTE Lookahead	9	80	239295	240783	6586	0	6479	107	3992726929	3667671589	107
CTE Lookahead	9	80	239295	240783	6586	0	6479	107	3819475766	3492739137	107
CTE Lookahead	9	80	239295	240783	6586	0	6479	107	3809071669	3461006249	107
Lookahead	1	80	239295	240783	6586	0	5395	1191	4817900134	4523179217	2382
Lookahead	1	80	239295	240783	6586	0	5395	1191	4761974084	4501972936	2382
Lookahead	1	80	239295	240783	6586	0	5395	1191	4725802363	4435811686	2382
Lookahead	1	80	239295	240783	6586	0	5395	1191	5250403214	4965230325	2382
Lookahead	1	80	239295	240783	6586	0	5395	1191	4873740174	4576381631	2382
Lookahead	5	80	239295	240783	6586	0	6374	212	2628027375	2351456035	1272
Lookahead	5	80	239295	240783	6586	0	6374	212	2835415329	2556421726	1272
Lookahead	5	80	239295	240783	6586	0	6374	212	2635833506	2392801191	1272
Lookahead	5	80	239295	240783	6586	0	6374	212	3248609480	2969151907	1272
Lookahead	5	80	239295	240783	6586	0	6374	212	2694361414	2424972903	1272
Lookahead	10	80	239295	240783	6586	0	6513	73	1729567981	1505956206	803
Lookahead	10	80	239295	240783	6586	0	6513	73	1910595651	1615277151	803
Lookahead	10	80	239295	240783	6586	0	6513	73	1983433723	1693927563	803
Lookahead	10	80	239295	240783	6586	0	6513	73	1907316232	1626384969	803
Lookahead	10	80	239295	240783	6586	0	6513	73	1924330976	1631986077	803
Lookahead	20	80	239295	240783	6586	0	6567	19	1139499884	849185508	399
Lookahead	20	80	239295	240783	6586	0	6567	19	1136072198	862200047	399
Lookahead	20	80	239295	240783	6586	0	6567	19	1247198930	919516492	399
Lookahead	20	80	239295	240783	6586	0	6567	19	1270010238	940367143	399
Lookahead	20	80	239295	240783	6586	0	6567	19	1156119155	849047394	399
Lookahead	40	80	239295	240783	6586	0	6582	4	759378266	449774001	164
Lookahead	40	80	239295	240783	6586	0	6582	4	710327994	431016556	164
Lookahead	40	80	239295	240783	6586	0	6582	4	864414916	489627695	164
Lookahead	40	80	239295	240783	6586	0	6582	4	661530698	413266813	164
Lookahead	40	80	239295	240783	6586	0	6582	4	861868434	510639905	164
Lookahead	60	80	239295	240783	6586	0	6584	2	654697871	354270990	122
Lookahead	60	80	239295	240783	6586	0	6584	2	723366773	390942585	122
Lookahead	60	80	239295	240783	6586	0	6584	2	552084227	313602556	122
Lookahead	60	80	239295	240783	6586	0	6584	2	657409814	326191335	122
Lookahead	60	80	239295	240783	6586	0	6584	2	662719485	371364927	122
Lookahead	80	80	239295	240783	6586	0	6585	1	728227252	283477811	81
Lookahead	80	80	239295	240783	6586	0	6585	1	648486163	298087552	81
Lookahead	80	80	239295	240783	6586	0	6585	1	607652938	279806812	81
Lookahead	80	80	239295	240783	6586	0	6585	1	748946522	298579413	81
Lookahead	80	80	239295	240783	6586	0	6585	1	667853426	275299257	81
Lookahead	100	80	239295	240783	6586	0	6585	1	1368888368	464727865	101
Lookahead	100	80	239295	240783	6586	0	6585	1	1387163521	518719055	101
Lookahead	100	80	239295	240783	6586	0	6585	1	1385650546	527419187	101
Lookahead	100	80	239295	240783	6586	0	6585	1	1395107335	552431979	101
Lookahead	100	80	239295	240783	6586	0	6585	1	1382253092	539002013	101
Lookahead	120	80	239295	240783	6586	0	6585	1	2290440032	758457631	121
Lookahead	120	80	239295	240783	6586	0	6585	1	2288383490	756287124	121
Lookahead	120	80	239295	240783	6586	0	6585	1	2189503907	695403106	121
Lookahead	120	80	239295	240783	6586	0	6585	1	2331463136	728824599	121
Lookahead	120	80	239295	240783	6586	0	6585	1	2212781890	705930743	121
Lookahead	140	80	239295	240783	6586	0	6585	1	5588126043	1880382140	141
Lookahead	140	80	239295	240783	6586	0	6585	1	5740354201	1860834820	141
Lookahead	140	80	239295	240783	6586	0	6585	1	5755133337	2070645450	141
Lookahead	140	80	239295	240783	6586	0	6585	1	5317794333	1727581740	141
Lookahead	140	80	239295	240783	6586	0	6585	1	5332954286	1723005954	141
Lookahead	160	80	239295	240783	6586	0	6585	1	11419071214	4436444875	161
Lookahead	160	80	239295	240783	6586	0	6585	1	11655815416	4309493126	161
Lookahead	160	80	239295	240783	6586	0	6585	1	11675549801	4421647378	161
Lookahead	160	80	239295	240783	6586	0	6585	1	11667061133	4238917342	161
Lookahead	160	80	239295	240783	6586	0	6585	1	11154504541	4088388493	161
Lookahead	180	80	239295	240783	6586	0	6585	1	16570883364	6234292493	181
Lookahead	180	80	239295	240783	6586	0	6585	1	16112781823	6300293634	181
Lookahead	180	80	239295	240783	6586	0	6585	1	16284020446	6079955088	181
Lookahead	180	80	239295	240783	6586	0	6585	1	16377906919	6514157305	181
Lookahead	180	80	239295	240783	6586	0	6585	1	15853647477	5935319532	181
Lookahead	200	80	239295	240783	6586	0	6585	1	17850367565	6334227134	201
Lookahead	200	80	239295	240783	6586	0	6585	1	17797411999	6190716068	201
Lookahead	200	80	239295	240783	6586	0	6585	1	17536920303	6240257173	201
Lookahead	200	80	239295	240783	6586	0	6585	1	17282108629	6105695095	201
Lookahead	200	80	239295	240783	6586	0	6585	1	17548687883	6221335388	201
Null Prefetcher	0	80	239295	240783	6586	0	4061	2525	5456952056	5206115289	2525
Null Prefetcher	0	80	239295	240783	6586	0	4061	2525	5054029466	4816121101	2525
Null Prefetcher	0	80	239295	240783	6586	0	4061	2525	5823612287	5584775100	2525
Null Prefetcher	0	80	239295	240783	6586	0	4061	2525	5019654328	4787844703	2525
Null Prefetcher	0	80	239295	240783	6586	0	4061	2525	5576825213	5338692614	2525
Block	100	80	239295	240783	6586	0	4096	2490	132808368937	132360039050	2490
Block	100	80	239295	240783	6586	0	4096	2490	134644313023	134196453309	2490
Block	100	80	239295	240783	6586	0	4096	2490	142256302132	141812959992	2490
Block	100	80	239295	240783	6586	0	4096	2490	131376028317	130917334965	2490
Block	100	80	239295	240783	6586	0	4096	2490	135883627381	135436502358	2490
Block	1000	80	239295	240783	6586	0	5263	1323	71632921600	71332341669	1323
Block	1000	80	239295	240783	6586	0	5263	1323	74081448218	73777146875	1323
Block	1000	80	239295	240783	6586	0	5263	1323	77458463867	77143073535	1323
Block	1000	80	239295	240783	6586	0	5263	1323	72388756790	72083130979	1323
Block	1000	80	239295	240783	6586	0	5263	1323	74304131266	74000039242	1323
Block	5000	80	239295	240783	6586	0	6387	199	10895222280	10653811990	199
Block	5000	80	239295	240783	6586	0	6387	199	14062415628	13793672405	199
Block	5000	80	239295	240783	6586	0	6387	199	11691911570	11435879031	199
Block	5000	80	239295	240783	6586	0	6387	199	11066818614	10811051248	199
Block	5000	80	239295	240783	6586	0	6387	199	11161365756	10898498511	199
Block	10000	80	239295	240783	6586	0	6513	73	4455314929	4080739555	73
Block	10000	80	239295	240783	6586	0	6513	73	4518552870	4122002328	73
Block	10000	80	239295	240783	6586	0	6513	73	4508643236	4117543305	73
Block	10000	80	239295	240783	6586	0	6513	73	4603203793	4206380361	73
Block	10000	80	239295	240783	6586	0	6513	73	4578948456	4173835320	73
Block	15000	80	239295	240783	6586	0	6549	37	3013812051	2357908011	37
Block	15000	80	239295	240783	6586	0	6549	37	3338776751	2626272620	37
Block	15000	80	239295	240783	6586	0	6549	37	3005699871	2363932746	37
Block	15000	80	239295	240783	6586	0	6549	37	2859056020	2289303621	37
Block	15000	80	239295	240783	6586	0	6549	37	3158411253	2502507258	37
Block	20000	80	239295	240783	6586	0	6560	26	3263247871	2222518674	26
Block	20000	80	239295	240783	6586	0	6560	26	3233268861	2212902481	26
Block	20000	80	239295	240783	6586	0	6560	26	3342115910	2277215503	26
Block	20000	80	239295	240783	6586	0	6560	26	3081718921	2079839501	26
Block	20000	80	239295	240783	6586	0	6560	26	3126819600	2170464504	26
CTE Lookahead	1	100	114642	115866	12086	0	7186	4900	4455832766	3899096729	4900
CTE Lookahead	1	100	114642	115866	12086	0	7186	4900	3677326828	3180654886	4900
CTE Lookahead	1	100	114642	115866	12086	0	7186	4900	3808969067	3307455160	4900
CTE Lookahead	1	100	114642	115866	12086	0	7186	4900	4300073742	3727726281	4900
CTE Lookahead	1	100	114642	115866	12086	0	7186	4900	3935433519	3421897161	4900
CTE Lookahead	2	100	114642	115866	12086	0	9739	2347	2101199236	1720446441	2347
CTE Lookahead	2	100	114642	115866	12086	0	9739	2347	2218839813	1808087818	2347
CTE Lookahead	2	100	114642	115866	12086	0	9739	2347	2163718558	1755646738	2347
CTE Lookahead	2	100	114642	115866	12086	0	9739	2347	1835050393	1494700144	2347
CTE Lookahead	2	100	114642	115866	12086	0	9739	2347	2154625042	1776834954	2347
CTE Lookahead	3	100	114642	115866	12086	0	10826	1260	1219525128	893632903	1260
CTE Lookahead	3	100	114642	115866	12086	0	10826	1260	1291773337	981567605	1260
CTE Lookahead	3	100	114642	115866	12086	0	10826	1260	1264416633	973343425	1260
CTE Lookahead	3	100	114642	115866	12086	0	10826	1260	1088302804	813413456	1260
CTE Lookahead	3	100	114642	115866	12086	0	10826	1260	1408314869	1061227990	1260
CTE Lookahead	4	100	114642	115866	12086	0	11264	822	1212865251	850345529	822
CTE Lookahead	4	100	114642	115866	12086	0	11264	822	1127296088	802708133	822
CTE Lookahead	4	100	114642	115866	12086	0	11264	822	1010222054	701255575	822
CTE Lookahead	4	100	114642	115866	12086	0	11264	822	1013663707	722115918	822
CTE Lookahead	4	100	114642	115866	12086	0	11264	822	851034762	604021027	822
CTE Lookahead	5	100	114642	115866	12086	0	11504	582	1013489973	717242019	582
CTE Lookahead	5	100	114642	115866	12086	0	11504	582	882144143	613967931	582
CTE Lookahead	5	100	114642	115866	12086	0	11504	582	1335718174	961859940	582
CTE Lookahead	5	100	114642	115866	12086	0	11504	582	1130819901	779406669	582
CTE Lookahead	5	100	114642	115866	12086	0	11504	582	978188829	704016456	582
CTE Lookahead	6	100	114642	115866	12086	0	11645	441	1545915484	1136153015	441
CTE Lookahead	6	100	114642	115866	12086	0	11645	441	1345330002	984121659	441
CTE Lookahead	6	100	114642	115866	12086	0	11645	441	1220454045	894081101	441
CTE Lookahead	6	100	114642	115866	12086	0	11645	441	1276340209	911997274	441
CTE Lookahead	6	100	114642	115866	12086	0	11645	441	1203693159	883551158	441
CTE Lookahead	7	100	114642	115866	12086	0	11746	340	1819794693	1431147484	340
CTE Lookahead	7	100	114642	115866	12086	0	11746	340	1915591149	1525587870	340
CTE Lookahead	7	100	114642	115866	12086	0	11746	340	1974927161	1577957817	340
CTE Lookahead	7	100	114642	115866	12086	0	11746	340	1923487038	1539918367	340
CTE Lookahead	7	100	114642	115866	12086	0	11746	340	1856568808	1459088981	340
CTE Lookahead	8	100	114642	115866	12086	0	11804	282	3274639265	2839641991	282
CTE Lookahead	8	100	114642	115866	12086	0	11804	282	3257655287	2787278338	282
CTE Lookahead	8	100	114642	115866	12086	0	11804	282	3355190901	2896185252	282
CTE Lookahead	8	100	114642	115866	12086	0	11804	282	3172472528	2731799865	282
CTE Lookahead	8	100	114642	115866	12086	0	11804	282	3163646333	2661851597	282
CTE Lookahead	9	100	114642	115866	12086	0	11855	231	6773684527	6266341270	231
CTE Lookahead	9	100	114642	115866	12086	0	11855	231	6740469317	6243013909	231
CTE Lookahead	9	100	114642	115866	12086	0	11855	231	6695545700	6165313251	231
CTE Lookahead	9	100	114642	115866	12086	0	11855	231	6765970521	6221344868	231
CTE Lookahead	9	100	114642	115866	12086	0	11855	231	6792823745	6259963442	231
Lookahead	1	100	114642	115866	12086	0	9748	2338	9229718662	8677552065	4676
Lookahead	1	100	114642	115866	12086	0	9748	2338	10512408832	9935476328	4676
Lookahead	1	100	114642	115866	12086	0	9748	2338	9759983544	9200258089	4676
Lookahead	1	100	114642	115866	12086	0	9748	2338	9844214218	9322344973	4676
Lookahead	1	100	114642	115866	12086	0	9748	2338	10191214355	9613796242	4676
Lookahead	5	100	114642	115866	12086	0	11632	454	6488985184	5956749203	2724
Lookahead	5	100	114642	115866	12086	0	11632	454	5824462919	5303041135	2724
Lookahead	5	100	114642	115866	12086	0	11632	454	6941099779	6388767929	2724
Lookahead	5	100	114642	115866	12086	0	11632	454	6633123369	6074705517	2724
Lookahead	5	100	114642	115866	12086	0	11632	454	5920090526	5389785738	2724
Lookahead	10	100	114642	115866	12086	0	11918	168	4998475365	4446936886	1848
Lookahead	10	100	114642	115866	12086	0	11918	168	4399668070	3865390405	1848
Lookahead	10	100	114642	115866	12086	0	11918	168	4252066556	3741181876	1848
Lookahead	10	100	114642	115866	12086	0	11918	168	4908431541	4354023784	1848
Lookahead	10	100	114642	115866	12086	0	11918	168	4612209544	4088247397	1848
Lookahead	20	100	114642	115866	12086	0	12029	57	3830347504	3147179019	1197
Lookahead	20	100	114642	115866	12086	0	12029	57	2934766669	2365745080	1197
Lookahead	20	100	114642	115866	12086	0	12029	57	2769208729	2234538386	1197
Lookahead	20	100	114642	115866	12086	0	12029	57	3692990362	3006821560	1197
Lookahead	20	100	114642	115866	12086	0	12029	57	3082802476	2498094030	1197
Lookahead	40	100	114642	115866	12086	0	12074	12	1953658386	1358099332	492
Lookahead	40	100	114642	115866	12086	0	12074	12	1468326371	1001012260	492
Lookahead	40	100	114642	115866	12086	0	12074	12	1448190081	1026460327	492
Lookahead	40	100	114642	115866	12086	0	12074	12	1869019683	1300518549	492
Lookahead	40	100	114642	115866	12086	0	12074	12	1782015946	1241265630	492
Lookahead	60	100	114642	115866	12086	0	12080	6	1770182606	1043615983	366
Lookahead	60	100	114642	115866	12086	0	12080	6	1717336239	1053433355	366
Lookahead	60	100	114642	115866	12086	0	12080	6	1648839975	1000351499	366
Lookahead	60	100	114642	115866	12086	0	12080	6	1625727074	1007957716	366
Lookahead	60	100	114642	115866	12086	0	12080	6	1698376051	1003837553	366
Lookahead	80	100	114642	115866	12086	0	12082	4	2096610494	1075309603	324
Lookahead	80	100	114642	115866	12086	0	12082	4	1855233584	959033776	324
Lookahead	80	100	114642	115866	12086	0	12082	4	1961367354	1006964526	324
Lookahead	80	100	114642	115866	12086	0	12082	4	1804927742	943439729	324
Lookahead	80	100	114642	115866	12086	0	12082	4	1857730017	936599068	324
Lookahead	100	100	114642	115866	12086	0	12084	2	1069555906	560912424	202
Lookahead	100	100	114642	115866	12086	0	12084	2	1128463679	592661179	202
Lookahead	100	100	114642	115866	12086	0	12084	2	1169534342	614732696	202
Lookahead	100	100	114642	115866	12086	0	12084	2	1152732156	603046106	202
Lookahead	100	100	114642	115866	12086	0	12084	2	1189096180	635057872	202
Lookahead	120	100	114642	115866	12086	0	12085	1	1129721471	466513598	121
Lookahead	120	100	114642	115866	12086	0	12085	1	1036508224	453247568	121
Lookahead	120	100	114642	115866	12086	0	12085	1	985836741	420023549	121
Lookahead	120	100	114642	115866	12086	0	12085	1	1111769258	484963554	121
Lookahead	120	100	114642	115866	12086	0	12085	1	1075415628	456586607	121
Lookahead	140	100	114642	115866	12086	0	12085	1	1975541496	696337522	141
Lookahead	140	100	114642	115866	12086	0	12085	1	2189333360	831067211	141
Lookahead	140	100	114642	115866	12086	0	12085	1	2222684473	719493523	141
Lookahead	140	100	114642	115866	12086	0	12085	1	2024419014	756761645	141
Lookahead	140	100	114642	115866	12086	0	12085	1	1908760139	695091921	141
Lookahead	160	100	114642	115866	12086	0	12085	1	3141513036	973155375	161
Lookahead	160	100	114642	115866	12086	0	12085	1	3228984153	944526394	161
Lookahead	160	100	114642	115866	12086	0	12085	1	3294533904	1034804397	161
Lookahead	160	100	114642	115866	12086	0	12085	1	3328767520	986395818	161
Lookahead	160	100	114642	115866	12086	0	12085	1	3307986419	1028557340	161
Lookahead	180	100	114642	115866	12086	0	12085	1	4585916539	1304832696	181
Lookahead	180	100	114642	115866	12086	0	12085	1	4625247548	1344166229	181
Lookahead	180	100	114642	115866	12086	0	12085	1	4575364499	1301689267	181
Lookahead	180	100	114642	115866	12086	0	12085	1	4518153130	1280170301	181
Lookahead	180	100	114642	115866	12086	0	12085	1	4651701869	1360034106	181
Lookahead	200	100	114642	115866	12086	0	12085	1	6095757954	1691164544	201
Lookahead	200	100	114642	115866	12086	0	12085	1	5845917266	1607035110	201
Lookahead	200	100	114642	115866	12086	0	12085	1	5898805264	1554545247	201
Lookahead	200	100	114642	115866	12086	0	12085	1	5978417156	1576158850	201
Lookahead	200	100	114642	115866	12086	0	12085	1	6049457037	1683374293	201
Null Prefetcher	0	100	114642	115866	12086	0	7186	4900	10964889201	10505752159	4900
Null Prefetcher	0	100	114642	115866	12086	0	7186	4900	10793514306	10346782647	4900
Null Prefetcher	0	100	114642	115866	12086	0	7186	4900	10779705089	10325233594	4900
Null Prefetcher	0	100	114642	115866	12086	0	7186	4900	10866598716	10403553924	4900
Null Prefetcher	0	100	114642	115866	12086	0	7186	4900	10427137074	9944630633	4900
Block	100	100	114642	115866	12086	0	7268	4818	207824953881	206932228943	4818
Block	100	100	114642	115866	12086	0	7268	4818	210846930762	209958095909	4818
Block	100	100	114642	115866	12086	0	7268	4818	214555780234	213619033104	4818
Block	100	100	114642	115866	12086	0	7268	4818	211808330524	210931255812	4818
Block	100	100	114642	115866	12086	0	7268	4818	217600545980	216704777903	4818
Block	1000	100	114642	115866	12086	0	9443	2643	118861538302	118246219342	2643
Block	1000	100	114642	115866	12086	0	9443	2643	116735697036	116122991581	2643
Block	1000	100	114642	115866	12086	0	9443	2643	117885734432	117267656929	2643
Block	1000	100	114642	115866	12086	0	9443	2643	117102459389	116486037501	2643
Block	1000	100	114642	115866	12086	0	9443	2643	116127281282	115510397683	2643
Block	5000	100	114642	115866	12086	0	11569	517	23965425490	23507973217	517
Block	5000	100	114642	115866	12086	0	11569	517	23091408298	22598491384	517
Block	5000	100	114642	115866	12086	0	11569	517	25233075864	24750109077	517
Block	5000	100	114642	115866	12086	0	11569	517	23205475638	22737622005	517
Block	5000	100	114642	115866	12086	0	11569	517	22744897320	22292813988	517
Block	10000	100	114642	115866	12086	0	11872	214	10089213097	9427745635	214
Block	10000	100	114642	115866	12086	0	11872	214	12438053608	11799563629	214
Block	10000	100	114642	115866	12086	0	11872	214	10342676128	9691908824	214
Block	10000	100	114642	115866	12086	0	11872	214	10233656475	9570601065	214
Block	10000	100	114642	115866	12086	0	11872	214	10269965539	9612727113	214
Block	15000	100	114642	115866	12086	0	11960	126	6926314297	6076766755	126
Block	15000	100	114642	115866	12086	0	11960	126	6834616696	6010521415	126
Block	15000	100	114642	115866	12086	0	11960	126	6749524916	5875048136	126
Block	15000	100	114642	115866	12086	0	11960	126	6711734329	5802928343	126
Block	15000	100	114642	115866	12086	0	11960	126	6719876417	5887636005	126
Block	20000	100	114642	115866	12086	0	12006	80	5577256079	4476423650	80
Block	20000	100	114642	115866	12086	0	12006	80	5539349223	4397772850	80
Block	20000	100	114642	115866	12086	0	12006	80	5012367973	3997769339	80
Block	20000	100	114642	115866	12086	0	12006	80	5273766562	4171154539	80
Block	20000	100	114642	115866	12086	0	12006	80	5435323874	4320825394	80
