Hops	Prefetcher	Size	Start	End	Vertices Requested	Vertices Evicted	Cache Hits	Cache Misses	Total Runtime	Total DB time	DB calls
100	CTE Lookahead	1	100 169798	171103	37776	0	26308	11468	115206504939725847185	11468
100	CTE Lookahead	1	100 169798	171103	37776	0	26308	11468	109246042139401772040	11468
100	CTE Lookahead	1	100 169798	171103	37776	0	26308	11468	94457584218100331502	11468
100	CTE Lookahead	1	100 169798	171103	37776	0	26308	11468	100161979318571478598	11468
100	CTE Lookahead	1	100 169798	171103	37776	0	26308	11468	97535215738350027505	11468
100	CTE Lookahead	2	100 169798	171103	37776	0	32647	5129	51664922134037417007	5129
100	CTE Lookahead	2	100 169798	171103	37776	0	32647	5129	54384161084309944603	5129
100	CTE Lookahead	2	100 169798	171103	37776	0	32647	5129	54556823044248298265	5129
100	CTE Lookahead	2	100 169798	171103	37776	0	32647	5129	52436850074080102544	5129
100	CTE Lookahead	2	100 169798	171103	37776	0	32647	5129	56290064944411756422	5129
100	CTE Lookahead	3	100 169798	171103	37776	0	35194	2582	34049267712451397100	2582
100	CTE Lookahead	3	100 169798	171103	37776	0	35194	2582	34262485432409538998	2582
100	CTE Lookahead	3	100 169798	171103	37776	0	35194	2582	36565990942628760740	2582
100	CTE Lookahead	3	100 169798	171103	37776	0	35194	2582	35138890492483186050	2582
100	CTE Lookahead	3	100 169798	171103	37776	0	35194	2582	34834689652498222323	2582
100	CTE Lookahead	4	100 169798	171103	37776	0	36224	1552	29407963431968892949	1552
100	CTE Lookahead	4	100 169798	171103	37776	0	36224	1552	29129831651958607649	1552
100	CTE Lookahead	4	100 169798	171103	37776	0	36224	1552	31743649302105460773	1552
100	CTE Lookahead	4	100 169798	171103	37776	0	36224	1552	27718259231780357008	1552
100	CTE Lookahead	4	100 169798	171103	37776	0	36224	1552	33269689802208344794	1552
100	CTE Lookahead	5	100 169798	171103	37776	0	36758	1018	26025150851718557123	1018
100	CTE Lookahead	5	100 169798	171103	37776	0	36758	1018	28106040191850254445	1018
100	CTE Lookahead	5	100 169798	171103	37776	0	36758	1018	30146165951945953355	1018
100	CTE Lookahead	5	100 169798	171103	37776	0	36758	1018	31887220432033082757	1018
100	CTE Lookahead	5	100 169798	171103	37776	0	36758	1018	28996134151911650570	1018
100	CTE Lookahead	6	100 169798	171103	37776	0	37055	721	41246265562846758272	721
100	CTE Lookahead	6	100 169798	171103	37776	0	37055	721	37946312902589621183	721
100	CTE Lookahead	6	100 169798	171103	37776	0	37055	721	40598308192838598952	721
100	CTE Lookahead	6	100 169798	171103	37776	0	37055	721	37492948212645844421	721
100	CTE Lookahead	6	100 169798	171103	37776	0	37055	721	37788940562628880816	721
100	CTE Lookahead	7	100 169798	171103	37776	0	37243	533	69749941755429860750	533
100	CTE Lookahead	7	100 169798	171103	37776	0	37243	533	68567410835317168141	533
100	CTE Lookahead	7	100 169798	171103	37776	0	37243	533	71719017635616976268	533
100	CTE Lookahead	7	100 169798	171103	37776	0	37243	533	69099740185462545806	533
100	CTE Lookahead	7	100 169798	171103	37776	0	37243	533	73281314445718799312	533
100	CTE Lookahead	8	100 169798	171103	37776	0	37370	406	1515060342413099269703	406
100	CTE Lookahead	8	100 169798	171103	37776	0	37370	406	1535969267613280512777	406
100	CTE Lookahead	8	100 169798	171103	37776	0	37370	406	1534712727713269342341	406
100	CTE Lookahead	8	100 169798	171103	37776	0	37370	406	1511374682013104920298	406
100	CTE Lookahead	8	100 169798	171103	37776	0	37370	406	1524853507413222870140	406
100	CTE Lookahead	9	100 169798	171103	37776	0	37455	321	3753124751535201295654	321
100	CTE Lookahead	9	100 169798	171103	37776	0	37455	321	4033960920737975089434	321
100	CTE Lookahead	9	100 169798	171103	37776	0	37455	321	3788602145435539236237	321
100	CTE Lookahead	9	100 169798	171103	37776	0	37455	321	3800620384235734518468	321
100	CTE Lookahead	9	100 169798	171103	37776	0	37455	321	3972061366337452542838	321
100	Lookahead	1	100 169798	171103	37776	0	32658	5118	2289954958521200531838	10236
100	Lookahead	1	100 169798	171103	37776	0	32658	5118	2239134328220816627199	10236
100	Lookahead	1	100 169798	171103	37776	0	32658	5118	2305597774121425999191	10236
100	Lookahead	1	100 169798	171103	37776	0	32658	5118	2261096969621077582030	10236
100	Lookahead	1	100 169798	171103	37776	0	32658	5118	2276607613821154168189	10236
100	Lookahead	5	100 169798	171103	37776	0	37043	733	94664974088125790400	4398
100	Lookahead	5	100 169798	171103	37776	0	37043	733	95244878578048776712	4398
100	Lookahead	5	100 169798	171103	37776	0	37043	733	99754800848493364917	4398
100	Lookahead	5	100 169798	171103	37776	0	37043	733	110947401649564079274	4398
100	Lookahead	5	100 169798	171103	37776	0	37043	733	112569850089724459808	4398
100	Lookahead	10	100 169798	171103	37776	0	37557	219	67555901465214886393	2409
100	Lookahead	10	100 169798	171103	37776	0	37557	219	75898571275926686498	2409
100	Lookahead	10	100 169798	171103	37776	0	37557	219	70981241195574904175	2409
100	Lookahead	10	100 169798	171103	37776	0	37557	219	68268925425236400999	2409
100	Lookahead	10	100 169798	171103	37776	0	37557	219	65257907335017992608	2409
100	Lookahead	20	100 169798	171103	37776	0	37720	56	45990723572997390307	1176
100	Lookahead	20	100 169798	171103	37776	0	37720	56	48874969583147113465	1176
100	Lookahead	20	100 169798	171103	37776	0	37720	56	53149985413444767279	1176
100	Lookahead	20	100 169798	171103	37776	0	37720	56	46313202932998414082	1176
100	Lookahead	20	100 169798	171103	37776	0	37720	56	45627111542994128162	1176
100	Lookahead	40	100 169798	171103	37776	0	37762	14	38529058981875767017	574
100	Lookahead	40	100 169798	171103	37776	0	37762	14	37399488631791790510	574
100	Lookahead	40	100 169798	171103	37776	0	37762	14	37249104541779605164	574
100	Lookahead	40	100 169798	171103	37776	0	37762	14	40039649771889667813	574
100	Lookahead	40	100 169798	171103	37776	0	37762	14	37211685621789821748	574
100	Lookahead	60	100 169798	171103	37776	0	37770	6	41466489321599976775	366
100	Lookahead	60	100 169798	171103	37776	0	37770	6	42639335641654978713	366
100	Lookahead	60	100 169798	171103	37776	0	37770	6	43829774091607159093	366
100	Lookahead	60	100 169798	171103	37776	0	37770	6	39895701491548369689	366
100	Lookahead	60	100 169798	171103	37776	0	37770	6	40890671411513592132	366
100	Lookahead	80	100 169798	171103	37776	0	37773	3	41056501221419977143	243
100	Lookahead	80	100 169798	171103	37776	0	37773	3	43094616671435548980	243
100	Lookahead	80	100 169798	171103	37776	0	37773	3	41548657471298860865	243
100	Lookahead	80	100 169798	171103	37776	0	37773	3	44140910561431042306	243
100	Lookahead	80	100 169798	171103	37776	0	37773	3	41593279421402050042	243
100	Lookahead	100	100 169798	171103	37776	0	37775	1	3188381603845303136	101
100	Lookahead	100	100 169798	171103	37776	0	37775	1	2848953050775111540	101
100	Lookahead	100	100 169798	171103	37776	0	37775	1	2914493478755930465	101
100	Lookahead	100	100 169798	171103	37776	0	37775	1	2910399971764049414	101
100	Lookahead	100	100 169798	171103	37776	0	37775	1	2806826536752748605	101
100	Lookahead	120	100 169798	171103	37776	0	37775	1	47928538931146091652	121
100	Lookahead	120	100 169798	171103	37776	0	37775	1	44822151631092211824	121
100	Lookahead	120	100 169798	171103	37776	0	37775	1	42581356701066914634	121
100	Lookahead	120	100 169798	171103	37776	0	37775	1	43096547021139329816	121
100	Lookahead	120	100 169798	171103	37776	0	37775	1	45307550271102112065	121
100	Lookahead	140	100 169798	171103	37776	0	37775	1	61932516121555860323	141
100	Lookahead	140	100 169798	171103	37776	0	37775	1	56767726461394058984	141
100	Lookahead	140	100 169798	171103	37776	0	37775	1	57917797161414531788	141
100	Lookahead	140	100 169798	171103	37776	0	37775	1	56668967381330173870	141
100	Lookahead	140	100 169798	171103	37776	0	37775	1	60106642191357526114	141
100	Lookahead	160	100 169798	171103	37776	0	37775	1	88494573551792690579	161
100	Lookahead	160	100 169798	171103	37776	0	37775	1	73878344711633599880	161
100	Lookahead	160	100 169798	171103	37776	0	37775	1	79189446171753895926	161
100	Lookahead	160	100 169798	171103	37776	0	37775	1	77839590911711274789	161
100	Lookahead	160	100 169798	171103	37776	0	37775	1	79440126221696212214	161
100	Lookahead	180	100 169798	171103	37776	0	37775	1	90429337842039440740	181
100	Lookahead	180	100 169798	171103	37776	0	37775	1	90377189551952423816	181
100	Lookahead	180	100 169798	171103	37776	0	37775	1	92964811691999033090	181
100	Lookahead	180	100 169798	171103	37776	0	37775	1	93460550181997591967	181
100	Lookahead	180	100 169798	171103	37776	0	37775	1	92392484721984159647	181
100	Lookahead	200	100 169798	171103	37776	0	37775	1	101553831502169348020	201
100	Lookahead	200	100 169798	171103	37776	0	37775	1	104561930332238595814	201
100	Lookahead	200	100 169798	171103	37776	0	37775	1	101067227812234638151	201
100	Lookahead	200	100 169798	171103	37776	0	37775	1	103828242732283121515	201
100	Lookahead	200	100 169798	171103	37776	0	37775	1	106162161672370953858	201
100	Null Prefetcher	0	100 169798	171103	37776	0	26308	11468	2505046570123822571902	11468
100	Null Prefetcher	0	100 169798	171103	37776	0	26308	11468	2576057574024514120514	11468
100	Null Prefetcher	0	100 169798	171103	37776	0	26308	11468	2491581212723758969156	11468
100	Null Prefetcher	0	100 169798	171103	37776	0	26308	11468	2511736201223933648290	11468
100	Null Prefetcher	0	100 169798	171103	37776	0	26308	11468	2434181061023172103526	11468
100	Block	100	100 169798	171103	37776	0	26365	11411	660467714638658300922071	11411
100	Block	100	100 169798	171103	37776	0	26365	11411	662765680336660609805694	11411
100	Block	100	100 169798	171103	37776	0	26365	11411	660477718087658376570902	11411
100	Block	100	100 169798	171103	37776	0	26365	11411	670688906595668656555949	11411
100	Block	100	100 169798	171103	37776	0	26365	11411	665550589312663539146560	11411
100	Block	1000	100 169798	171103	37776	0	33239	4537	267104695137265685080136	4537
100	Block	1000	100 169798	171103	37776	0	33239	4537	267724470074266286102447	4537
100	Block	1000	100 169798	171103	37776	0	33239	4537	271269103817269810984592	4537
100	Block	1000	100 169798	171103	37776	0	33239	4537	263741031451262354683678	4537
100	Block	1000	100 169798	171103	37776	0	33239	4537	266988705160265547356315	4537
100	Block	5000	100 169798	171103	37776	0	37400	376	2320552807021132886475	376
100	Block	5000	100 169798	171103	37776	0	37400	376	2344774854321368565634	376
100	Block	5000	100 169798	171103	37776	0	37400	376	2314075125021127359052	376
100	Block	5000	100 169798	171103	37776	0	37400	376	2385389727821912791631	376
100	Block	5000	100 169798	171103	37776	0	37400	376	2407419944321993814956	376
100	Block	10000	100 169798	171103	37776	0	37662	114	1570229904610191307376	114
100	Block	10000	100 169798	171103	37776	0	37662	114	1611837671210549869406	114
100	Block	10000	100 169798	171103	37776	0	37662	114	1577602694510431036911	114
100	Block	10000	100 169798	171103	37776	0	37662	114	1625918968010701203844	114
100	Block	10000	100 169798	171103	37776	0	37662	114	1579984494610318761136	114
100	Block	15000	100 169798	171103	37776	0	37722	54	135970350895160910984	54
100	Block	15000	100 169798	171103	37776	0	37722	54	135592188885189233517	54
100	Block	15000	100 169798	171103	37776	0	37722	54	135065134875146076557	54
100	Block	15000	100 169798	171103	37776	0	37722	54	135660966665198350554	54
100	Block	15000	100 169798	171103	37776	0	37722	54	136920011295096859669	54
100	Block	20000	100 169798	171103	37776	0	37742	34	187592581773338514740	34
100	Block	20000	100 169798	171103	37776	0	37742	34	180005258163260846655	34
100	Block	20000	100 169798	171103	37776	0	37742	34	160760376453140924416	34
100	Block	20000	100 169798	171103	37776	0	37742	34	162682040393311389029	34
100	Block	20000	100 169798	171103	37776	0	37742	34	164130766403513329605	34
80	CTE Lookahead	1	80 251193	254551	19728	0	13804	5924	53564974404405316450	5924
80	CTE Lookahead	1	80 251193	254551	19728	0	13804	5924	49833666734226357653	5924
80	CTE Lookahead	1	80 251193	254551	19728	0	13804	5924	54595531154676132971	5924
80	CTE Lookahead	1	80 251193	254551	19728	0	13804	5924	49533654354277291524	5924
80	CTE Lookahead	1	80 251193	254551	19728	0	13804	5924	53759837924641364354	5924
80	CTE Lookahead	2	80 251193	254551	19728	0	17103	2625	21676731081693428699	2625
80	CTE Lookahead	2	80 251193	254551	19728	0	17103	2625	26643136352088410792	2625
80	CTE Lookahead	2	80 251193	254551	19728	0	17103	2625	25823175351991690528	2625
80	CTE Lookahead	2	80 251193	254551	19728	0	17103	2625	26471321642076341357	2625
80	CTE Lookahead	2	80 251193	254551	19728	0	17103	2625	30427098412383759355	2625
80	CTE Lookahead	3	80 251193	254551	19728	0	18388	1340	17455844161240201653	1340
80	CTE Lookahead	3	80 251193	254551	19728	0	18388	1340	20280534171462824299	1340
80	CTE Lookahead	3	80 251193	254551	19728	0	18388	1340	17796057891270425608	1340
80	CTE Lookahead	3	80 251193	254551	19728	0	18388	1340	17648881891249433837	1340
80	CTE Lookahead	3	80 251193	254551	19728	0	18388	1340	19700997421400939287	1340
80	CTE Lookahead	4	80 251193	254551	19728	0	18916	812	1455695559970154770	812
80	CTE Lookahead	4	80 251193	254551	19728	0	18916	812	1498701839979130803	812
80	CTE Lookahead	4	80 251193	254551	19728	0	18916	812	1222137452805434216	812
80	CTE Lookahead	4	80 251193	254551	19728	0	18916	812	1186533543787703723	812
80	CTE Lookahead	4	80 251193	254551	19728	0	18916	812	1288988837837485227	812
80	CTE Lookahead	5	80 251193	254551	19728	0	19198	530	1451655419910669835	530
80	CTE Lookahead	5	80 251193	254551	19728	0	19198	530	1286397408847891394	530
80	CTE Lookahead	5	80 251193	254551	19728	0	19198	530	15857687291026253495	530
80	CTE Lookahead	5	80 251193	254551	19728	0	19198	530	17059457481168793401	530
80	CTE Lookahead	5	80 251193	254551	19728	0	19198	530	16476355731092320514	530
80	CTE Lookahead	6	80 251193	254551	19728	0	19350	378	21050376701534370136	378
80	CTE Lookahead	6	80 251193	254551	19728	0	19350	378	21588183201535385617	378
80	CTE Lookahead	6	80 251193	254551	19728	0	19350	378	20427328451441883364	378
80	CTE Lookahead	6	80 251193	254551	19728	0	19350	378	21303382171508686739	378
80	CTE Lookahead	6	80 251193	254551	19728	0	19350	378	21231391321554007365	378
80	CTE Lookahead	7	80 251193	254551	19728	0	19447	281	41608981063257507783	281
80	CTE Lookahead	7	80 251193	254551	19728	0	19447	281	39537396843117056996	281
80	CTE Lookahead	7	80 251193	254551	19728	0	19447	281	39956939653144535815	281
80	CTE Lookahead	7	80 251193	254551	19728	0	19447	281	39310209733107825839	281
80	CTE Lookahead	7	80 251193	254551	19728	0	19447	281	40202711303148396921	281
80	CTE Lookahead	8	80 251193	254551	19728	0	19517	211	90234773667935003671	211
80	CTE Lookahead	8	80 251193	254551	19728	0	19517	211	90535876907981547066	211
80	CTE Lookahead	8	80 251193	254551	19728	0	19517	211	88942619487779484503	211
80	CTE Lookahead	8	80 251193	254551	19728	0	19517	211	90117289837917801935	211
80	CTE Lookahead	8	80 251193	254551	19728	0	19517	211	93218640408187230695	211
80	CTE Lookahead	9	80 251193	254551	19728	0	19564	164	2417564819522909744811	164
80	CTE Lookahead	9	80 251193	254551	19728	0	19564	164	2148683180520207616686	164
80	CTE Lookahead	9	80 251193	254551	19728	0	19564	164	2359683880822384794916	164
80	CTE Lookahead	9	80 251193	254551	19728	0	19564	164	2132862786520133698487	164
80	CTE Lookahead	9	80 251193	254551	19728	0	19564	164	2149948955720223597799	164
80	Lookahead	1	80 251193	254551	19728	0	17103	2625	1211393008811261380780	5250
80	Lookahead	1	80 251193	254551	19728	0	17103	2625	1127214954010495636560	5250
80	Lookahead	1	80 251193	254551	19728	0	17103	2625	1148717872410707832636	5250
80	Lookahead	1	80 251193	254551	19728	0	17103	2625	1170065265910931455719	5250
80	Lookahead	1	80 251193	254551	19728	0	17103	2625	1098322173110229987441	5250
80	Lookahead	5	80 251193	254551	19728	0	19356	372	58331687885033313768	2232
80	Lookahead	5	80 251193	254551	19728	0	19356	372	49128732864211008038	2232
80	Lookahead	5	80 251193	254551	19728	0	19356	372	56751607974897536571	2232
80	Lookahead	5	80 251193	254551	19728	0	19356	372	53083998214548247626	2232
80	Lookahead	5	80 251193	254551	19728	0	19356	372	54246525274645091788	2232
80	Lookahead	10	80 251193	254551	19728	0	19619	109	34562523522667361470	1199
80	Lookahead	10	80 251193	254551	19728	0	19619	109	37720176252922738546	1199
80	Lookahead	10	80 251193	254551	19728	0	19619	109	40074093373145037514	1199
80	Lookahead	10	80 251193	254551	19728	0	19619	109	38275786683025340848	1199
80	Lookahead	10	80 251193	254551	19728	0	19619	109	35782632432810343284	1199
80	Lookahead	20	80 251193	254551	19728	0	19699	29	25299469721609389592	609
80	Lookahead	20	80 251193	254551	19728	0	19699	29	23998530271561826303	609
80	Lookahead	20	80 251193	254551	19728	0	19699	29	24684023491555302142	609
80	Lookahead	20	80 251193	254551	19728	0	19699	29	22701740921400659963	609
80	Lookahead	20	80 251193	254551	19728	0	19699	29	23106227531460822911	609
80	Lookahead	40	80 251193	254551	19728	0	19722	6	2027665616885947698	246
80	Lookahead	40	80 251193	254551	19728	0	19722	6	1902121611858424494	246
80	Lookahead	40	80 251193	254551	19728	0	19722	6	1923875467883458109	246
80	Lookahead	40	80 251193	254551	19728	0	19722	6	1891877500839737467	246
80	Lookahead	40	80 251193	254551	19728	0	19722	6	1877130835851270763	246
80	Lookahead	60	80 251193	254551	19728	0	19726	2	1290473448533855379	122
80	Lookahead	60	80 251193	254551	19728	0	19726	2	1281752021502165792	122
80	Lookahead	60	80 251193	254551	19728	0	19726	2	1299802121522070052	122
80	Lookahead	60	80 251193	254551	19728	0	19726	2	1376285134549217549	122
80	Lookahead	60	80 251193	254551	19728	0	19726	2	1480808407572979738	122
80	Lookahead	80	80 251193	254551	19728	0	19727	1	2300447323631467044	81
80	Lookahead	80	80 251193	254551	19728	0	19727	1	2293639422659119104	81
80	Lookahead	80	80 251193	254551	19728	0	19727	1	1946215835613902335	81
80	Lookahead	80	80 251193	254551	19728	0	19727	1	2139254949624362771	81
80	Lookahead	80	80 251193	254551	19728	0	19727	1	2090424123622565066	81
80	Lookahead	100	80 251193	254551	19728	0	19727	1	3336956401969382727	101
80	Lookahead	100	80 251193	254551	19728	0	19727	1	3287111470992554166	101
80	Lookahead	100	80 251193	254551	19728	0	19727	1	3069297793886962910	101
80	Lookahead	100	80 251193	254551	19728	0	19727	1	2968904807848696736	101
80	Lookahead	100	80 251193	254551	19728	0	19727	1	2919179138821662266	101
80	Lookahead	120	80 251193	254551	19728	0	19727	1	46789465951160232239	121
80	Lookahead	120	80 251193	254551	19728	0	19727	1	44225656731152552392	121
80	Lookahead	120	80 251193	254551	19728	0	19727	1	42936817781169235833	121
80	Lookahead	120	80 251193	254551	19728	0	19727	1	44794302041131735158	121
80	Lookahead	120	80 251193	254551	19728	0	19727	1	43048052181153339415	121
80	Lookahead	140	80 251193	254551	19728	0	19727	1	88818288922744673251	141
80	Lookahead	140	80 251193	254551	19728	0	19727	1	87169475792677659072	141
80	Lookahead	140	80 251193	254551	19728	0	19727	1	93252772992499604621	141
80	Lookahead	140	80 251193	254551	19728	0	19727	1	85020215152617784269	141
80	Lookahead	140	80 251193	254551	19728	0	19727	1	86607818562532374357	141
80	Lookahead	160	80 251193	254551	19728	0	19727	1	157178223525229278543	161
80	Lookahead	160	80 251193	254551	19728	0	19727	1	154402619305196718262	161
80	Lookahead	160	80 251193	254551	19728	0	19727	1	159144791424985285004	161
80	Lookahead	160	80 251193	254551	19728	0	19727	1	154218907295058843529	161
80	Lookahead	160	80 251193	254551	19728	0	19727	1	154292873515225383197	161
80	Lookahead	180	80 251193	254551	19728	0	19727	1	248820188167781773723	181
80	Lookahead	180	80 251193	254551	19728	0	19727	1	243602415987554645106	181
80	Lookahead	180	80 251193	254551	19728	0	19727	1	241475445827591873533	181
80	Lookahead	180	80 251193	254551	19728	0	19727	1	244321477277819103334	181
80	Lookahead	180	80 251193	254551	19728	0	19727	1	243361588377676735067	181
80	Lookahead	200	80 251193	254551	19728	0	19727	1	3563294095310260610762	201
80	Lookahead	200	80 251193	254551	19728	0	19727	1	339717196299962938736	201
80	Lookahead	200	80 251193	254551	19728	0	19727	1	339631793529958872254	201
80	Lookahead	200	80 251193	254551	19728	0	19727	1	3409703906310404731042	201
80	Lookahead	200	80 251193	254551	19728	0	19727	1	3359332964510286508559	201
80	Null Prefetcher	0	80 251193	254551	19728	0	13804	5924	1328154294512570579095	5924
80	Null Prefetcher	0	80 251193	254551	19728	0	13804	5924	1300746316212331581076	5924
80	Null Prefetcher	0	80 251193	254551	19728	0	13804	5924	1268170813912046467126	5924
80	Null Prefetcher	0	80 251193	254551	19728	0	13804	5924	1244416749011851973856	5924
80	Null Prefetcher	0	80 251193	254551	19728	0	13804	5924	1319959815412580227830	5924
80	Block	100	80 251193	254551	19728	0	13852	5876	328557387185327339526327	5876
80	Block	100	80 251193	254551	19728	0	13852	5876	321342757188320234074641	5876
80	Block	100	80 251193	254551	19728	0	13852	5876	327130924821326060406792	5876
80	Block	100	80 251193	254551	19728	0	13852	5876	326257475557325142613080	5876
80	Block	100	80 251193	254551	19728	0	13852	5876	327304501301326190567590	5876
80	Block	1000	80 251193	254551	19728	0	17152	2576	145810654073145089981382	2576
80	Block	1000	80 251193	254551	19728	0	17152	2576	143379623592142676003519	2576
80	Block	1000	80 251193	254551	19728	0	17152	2576	145759681204145054587196	2576
80	Block	1000	80 251193	254551	19728	0	17152	2576	142159858630141445886447	2576
80	Block	1000	80 251193	254551	19728	0	17152	2576	147254325527146513157030	2576
80	Block	5000	80 251193	254551	19728	0	19500	228	1401555009213007368753	228
80	Block	5000	80 251193	254551	19728	0	19500	228	1328963082512331415148	228
80	Block	5000	80 251193	254551	19728	0	19500	228	1355902601912619410746	228
80	Block	5000	80 251193	254551	19728	0	19500	228	1350859580512665211203	228
80	Block	5000	80 251193	254551	19728	0	19500	228	1340548619712476536631	228
80	Block	10000	80 251193	254551	19728	0	19659	69	79155758875605097704	69
80	Block	10000	80 251193	254551	19728	0	19659	69	80249620785658488888	69
80	Block	10000	80 251193	254551	19728	0	19659	69	80637187325664643406	69
80	Block	10000	80 251193	254551	19728	0	19659	69	79375447935571991959	69
80	Block	10000	80 251193	254551	19728	0	19659	69	83920873985904359211	69
80	Block	15000	80 251193	254551	19728	0	19694	34	74039988383285279212	34
80	Block	15000	80 251193	254551	19728	0	19694	34	73945871733273623047	34
80	Block	15000	80 251193	254551	19728	0	19694	34	73776378993255730823	34
80	Block	15000	80 251193	254551	19728	0	19694	34	74672757143296281061	34
80	Block	15000	80 251193	254551	19728	0	19694	34	73030848133307627546	34
80	Block	20000	80 251193	254551	19728	0	19708	20	90114749041846841405	20
80	Block	20000	80 251193	254551	19728	0	19708	20	79694321831665102562	20
80	Block	20000	80 251193	254551	19728	0	19708	20	71914829341718559575	20
80	Block	20000	80 251193	254551	19728	0	19708	20	74057468471757993305	20
80	Block	20000	80 251193	254551	19728	0	19708	20	74743472931744175509	20
60	CTE Lookahead	1	60 6253	118	5146	0	2909	2237	23005539531828476229	2237
60	CTE Lookahead	1	60 6253	118	5146	0	2909	2237	15876559951352386932	2237
60	CTE Lookahead	1	60 6253	118	5146	0	2909	2237	20066544741750683396	2237
60	CTE Lookahead	1	60 6253	118	5146	0	2909	2237	18971481901641801494	2237
60	CTE Lookahead	1	60 6253	118	5146	0	2909	2237	18779059161638234387	2237
60	CTE Lookahead	2	60 6253	118	5146	0	4063	1083	769532416615959053	1083
60	CTE Lookahead	2	60 6253	118	5146	0	4063	1083	1197553098968896536	1083
60	CTE Lookahead	2	60 6253	118	5146	0	4063	1083	1168691396945440753	1083
60	CTE Lookahead	2	60 6253	118	5146	0	4063	1083	1177816703946224897	1083
60	CTE Lookahead	2	60 6253	118	5146	0	4063	1083	970339434775679544	1083
60	CTE Lookahead	3	60 6253	118	5146	0	4569	577	688377676506925117	577
60	CTE Lookahead	3	60 6253	118	5146	0	4569	577	709243664548416157	577
60	CTE Lookahead	3	60 6253	118	5146	0	4569	577	494762801371033023	577
60	CTE Lookahead	3	60 6253	118	5146	0	4569	577	710565307527005267	577
60	CTE Lookahead	3	60 6253	118	5146	0	4569	577	629268196481240557	577
60	CTE Lookahead	4	60 6253	118	5146	0	4767	379	510818313367180011	379
60	CTE Lookahead	4	60 6253	118	5146	0	4767	379	655134212462899697	379
60	CTE Lookahead	4	60 6253	118	5146	0	4767	379	554689199402181427	379
60	CTE Lookahead	4	60 6253	118	5146	0	4767	379	417443059295297436	379
60	CTE Lookahead	4	60 6253	118	5146	0	4767	379	455818676327512975	379
60	CTE Lookahead	5	60 6253	118	5146	0	4886	260	424301532306971570	260
60	CTE Lookahead	5	60 6253	118	5146	0	4886	260	591862694408740668	260
60	CTE Lookahead	5	60 6253	118	5146	0	4886	260	625017701438682209	260
60	CTE Lookahead	5	60 6253	118	5146	0	4886	260	483718869313236377	260
60	CTE Lookahead	5	60 6253	118	5146	0	4886	260	521596438354498997	260
60	CTE Lookahead	6	60 6253	118	5146	0	4957	189	521291606387800655	189
60	CTE Lookahead	6	60 6253	118	5146	0	4957	189	594611140406972103	189
60	CTE Lookahead	6	60 6253	118	5146	0	4957	189	456729699338037195	189
60	CTE Lookahead	6	60 6253	118	5146	0	4957	189	508721756360997766	189
60	CTE Lookahead	6	60 6253	118	5146	0	4957	189	508705389362859088	189
60	CTE Lookahead	7	60 6253	118	5146	0	4993	153	843810151625986305	153
60	CTE Lookahead	7	60 6253	118	5146	0	4993	153	899174401696344257	153
60	CTE Lookahead	7	60 6253	118	5146	0	4993	153	839154434630370304	153
60	CTE Lookahead	7	60 6253	118	5146	0	4993	153	709631803552423679	153
60	CTE Lookahead	7	60 6253	118	5146	0	4993	153	794234187587585499	153
60	CTE Lookahead	8	60 6253	118	5146	0	5026	120	15023726661275270274	120
60	CTE Lookahead	8	60 6253	118	5146	0	5026	120	15663511591319494221	120
60	CTE Lookahead	8	60 6253	118	5146	0	5026	120	15155939811282209665	120
60	CTE Lookahead	8	60 6253	118	5146	0	5026	120	16369443041368584659	120
60	CTE Lookahead	8	60 6253	118	5146	0	5026	120	15725349881321421015	120
60	CTE Lookahead	9	60 6253	118	5146	0	5053	93	25275435282218653222	93
60	CTE Lookahead	9	60 6253	118	5146	0	5053	93	24134077142138989385	93
60	CTE Lookahead	9	60 6253	118	5146	0	5053	93	24742104222191382643	93
60	CTE Lookahead	9	60 6253	118	5146	0	5053	93	23922444032110847399	93
60	CTE Lookahead	9	60 6253	118	5146	0	5053	93	24084172652121777211	93
60	Lookahead	1	60 6253	118	5146	0	4052	1094	44442324464144961614	2188
60	Lookahead	1	60 6253	118	5146	0	4052	1094	45762133304304244977	2188
60	Lookahead	1	60 6253	118	5146	0	4052	1094	41959698093952785002	2188
60	Lookahead	1	60 6253	118	5146	0	4052	1094	47783671294517730960	2188
60	Lookahead	1	60 6253	118	5146	0	4052	1094	48718014084594058173	2188
60	Lookahead	5	60 6253	118	5146	0	4947	199	28293656152572153638	1194
60	Lookahead	5	60 6253	118	5146	0	4947	199	29538517082691617704	1194
60	Lookahead	5	60 6253	118	5146	0	4947	199	26903824932438174027	1194
60	Lookahead	5	60 6253	118	5146	0	4947	199	29385259292679263760	1194
60	Lookahead	5	60 6253	118	5146	0	4947	199	25973919002346297469	1194
60	Lookahead	10	60 6253	118	5146	0	5077	69	20285062431763239922	759
60	Lookahead	10	60 6253	118	5146	0	5077	69	21618186261887185512	759
60	Lookahead	10	60 6253	118	5146	0	5077	69	17751328581507061517	759
60	Lookahead	10	60 6253	118	5146	0	5077	69	17946426821517868355	759
60	Lookahead	10	60 6253	118	5146	0	5077	69	17143510621458481980	759
60	Lookahead	20	60 6253	118	5146	0	5129	17	13694011501046274128	357
60	Lookahead	20	60 6253	118	5146	0	5129	17	976728445757815855	357
60	Lookahead	20	60 6253	118	5146	0	5129	17	1063259035806496187	357
60	Lookahead	20	60 6253	118	5146	0	5129	17	1153791399872736455	357
60	Lookahead	20	60 6253	118	5146	0	5129	17	1106761984801835229	357
60	Lookahead	40	60 6253	118	5146	0	5141	5	1012415878598907525	205
60	Lookahead	40	60 6253	118	5146	0	5141	5	935373607530179413	205
60	Lookahead	40	60 6253	118	5146	0	5141	5	1086450884676399616	205
60	Lookahead	40	60 6253	118	5146	0	5141	5	1090436722646056456	205
60	Lookahead	40	60 6253	118	5146	0	5141	5	1171071502708145174	205
60	Lookahead	60	60 6253	118	5146	0	5144	2	932663548498678330	122
60	Lookahead	60	60 6253	118	5146	0	5144	2	804945455437926022	122
60	Lookahead	60	60 6253	118	5146	0	5144	2	826311957412751244	122
60	Lookahead	60	60 6253	118	5146	0	5144	2	706268303344387074	122
60	Lookahead	60	60 6253	118	5146	0	5144	2	716837222362812774	122
60	Lookahead	80	60 6253	118	5146	0	5145	1	499881791296004061	81
60	Lookahead	80	60 6253	118	5146	0	5145	1	509572302274130305	81
60	Lookahead	80	60 6253	118	5146	0	5145	1	415703131231833363	81
60	Lookahead	80	60 6253	118	5146	0	5145	1	443903507248736138	81
60	Lookahead	80	60 6253	118	5146	0	5145	1	425506091235354699	81
60	Lookahead	100	60 6253	118	5146	0	5145	1	795821993417090993	101
60	Lookahead	100	60 6253	118	5146	0	5145	1	719732723374830304	101
60	Lookahead	100	60 6253	118	5146	0	5145	1	665254857327435139	101
60	Lookahead	100	60 6253	118	5146	0	5145	1	645489833308281443	101
60	Lookahead	100	60 6253	118	5146	0	5145	1	686548601331647500	101
60	Lookahead	120	60 6253	118	5146	0	5145	1	1082976446485052442	121
60	Lookahead	120	60 6253	118	5146	0	5145	1	1048187018446733255	121
60	Lookahead	120	60 6253	118	5146	0	5145	1	1021788024426743896	121
60	Lookahead	120	60 6253	118	5146	0	5145	1	1020455241443740911	121
60	Lookahead	120	60 6253	118	5146	0	5145	1	1162179166506953065	121
60	Lookahead	140	60 6253	118	5146	0	5145	1	1728397937684357865	141
60	Lookahead	140	60 6253	118	5146	0	5145	1	1476479329611525973	141
60	Lookahead	140	60 6253	118	5146	0	5145	1	1387058514537064437	141
60	Lookahead	140	60 6253	118	5146	0	5145	1	1466502610562865778	141
60	Lookahead	140	60 6253	118	5146	0	5145	1	1381791230520544662	141
60	Lookahead	160	60 6253	118	5146	0	5145	1	1899278201731849331	161
60	Lookahead	160	60 6253	118	5146	0	5145	1	1969904808778283725	161
60	Lookahead	160	60 6253	118	5146	0	5145	1	1849322100694196925	161
60	Lookahead	160	60 6253	118	5146	0	5145	1	2136615832766359500	161
60	Lookahead	160	60 6253	118	5146	0	5145	1	1869338682709497243	161
60	Lookahead	180	60 6253	118	5146	0	5145	1	2239223947844105650	181
60	Lookahead	180	60 6253	118	5146	0	5145	1	2250257575827827187	181
60	Lookahead	180	60 6253	118	5146	0	5145	1	2391340812852618257	181
60	Lookahead	180	60 6253	118	5146	0	5145	1	2227484956761609849	181
60	Lookahead	180	60 6253	118	5146	0	5145	1	2119827703751165098	181
60	Lookahead	200	60 6253	118	5146	0	5145	1	27329683371026784518	201
60	Lookahead	200	60 6253	118	5146	0	5145	1	2700061213940543500	201
60	Lookahead	200	60 6253	118	5146	0	5145	1	27776331941049625319	201
60	Lookahead	200	60 6253	118	5146	0	5145	1	2739607775978917213	201
60	Lookahead	200	60 6253	118	5146	0	5145	1	2567822304871127251	201
60	Null Prefetcher	0	60 6253	118	5146	0	2909	2237	47667055764519399879	2237
60	Null Prefetcher	0	60 6253	118	5146	0	2909	2237	52229921704983213598	2237
60	Null Prefetcher	0	60 6253	118	5146	0	2909	2237	49141114104688102330	2237
60	Null Prefetcher	0	60 6253	118	5146	0	2909	2237	55259584135301684913	2237
60	Null Prefetcher	0	60 6253	118	5146	0	2909	2237	45847569854371454629	2237
60	Block	100	60 6253	118	5146	0	2922	2224	126649706048126161437458	2224
60	Block	100	60 6253	118	5146	0	2922	2224	129659435483129213331051	2224
60	Block	100	60 6253	118	5146	0	2922	2224	131083807359130662384200	2224
60	Block	100	60 6253	118	5146	0	2922	2224	136733082678136349194634	2224
60	Block	100	60 6253	118	5146	0	2922	2224	134041888654133657868944	2224
60	Block	1000	60 6253	118	5146	0	3476	1670	9907814272198763068567	1670
60	Block	1000	60 6253	118	5146	0	3476	1670	10017747824099858401864	1670
60	Block	1000	60 6253	118	5146	0	3476	1670	101817067622101497574593	1670
60	Block	1000	60 6253	118	5146	0	3476	1670	104506369201104185790470	1670
60	Block	1000	60 6253	118	5146	0	3476	1670	9691807475896598177135	1670
60	Block	5000	60 6253	118	5146	0	4780	366	2414837068323937967668	366
60	Block	5000	60 6253	118	5146	0	4780	366	2147747509221284476674	366
60	Block	5000	60 6253	118	5146	0	4780	366	2137558290621165493401	366
60	Block	5000	60 6253	118	5146	0	4780	366	2165592152821453558870	366
60	Block	5000	60 6253	118	5146	0	4780	366	2375162873923549668154	366
60	Block	10000	60 6253	118	5146	0	5015	131	79693958247732750486	131
60	Block	10000	60 6253	118	5146	0	5015	131	81379604387875823934	131
60	Block	10000	60 6253	118	5146	0	5015	131	81531637217946802614	131
60	Block	10000	60 6253	118	5146	0	5015	131	80514322257815594824	131
60	Block	10000	60 6253	118	5146	0	5015	131	79481823807710843845	131
60	Block	15000	60 6253	118	5146	0	5078	68	43572347004041793445	68
60	Block	15000	60 6253	118	5146	0	5078	68	43749821354048425244	68
60	Block	15000	60 6253	118	5146	0	5078	68	43059980774019872068	68
60	Block	15000	60 6253	118	5146	0	5078	68	43075773034020041878	68
60	Block	15000	60 6253	118	5146	0	5078	68	42931677394030235427	68
60	Block	20000	60 6253	118	5146	0	5105	41	30546835562664446666	41
60	Block	20000	60 6253	118	5146	0	5105	41	30271292692673197623	41
60	Block	20000	60 6253	118	5146	0	5105	41	30450703732631350930	41
60	Block	20000	60 6253	118	5146	0	5105	41	31175424102693332928	41
60	Block	20000	60 6253	118	5146	0	5105	41	29534616802580484211	41
60	Block	50000	60 6253	118	5146	0	5137	9	2241481750766338781	9
60	Block	50000	60 6253	118	5146	0	5137	9	2358844257819567450	9
60	Block	50000	60 6253	118	5146	0	5137	9	2550597740954052201	9
60	Block	50000	60 6253	118	5146	0	5137	9	2329299338907611647	9
60	Block	50000	60 6253	118	5146	0	5137	9	2392402502880917753	9
60	Block	100000	60 6253	118	5146	0	5143	3	10630308677546993547	3
60	Block	100000	60 6253	118	5146	0	5143	3	17295970071415140579	3
60	Block	100000	60 6253	118	5146	0	5143	3	15688753546484245658	3
60	Block	100000	60 6253	118	5146	0	5143	3	10162489810431253053	3
60	Block	100000	60 6253	118	5146	0	5143	3	7211734999264072718	3
40	CTE Lookahead	1	40 130606	48330	6031	0	4168	1863	19499193871532474134	1863
40	CTE Lookahead	1	40 130606	48330	6031	0	4168	1863	12342276461057283742	1863
40	CTE Lookahead	1	40 130606	48330	6031	0	4168	1863	19035183661612179436	1863
40	CTE Lookahead	1	40 130606	48330	6031	0	4168	1863	18011762761547255674	1863
40	CTE Lookahead	1	40 130606	48330	6031	0	4168	1863	15520452731330555666	1863
40	CTE Lookahead	2	40 130606	48330	6031	0	5204	827	813713962641058927	827
40	CTE Lookahead	2	40 130606	48330	6031	0	5204	827	797322201627388539	827
40	CTE Lookahead	2	40 130606	48330	6031	0	5204	827	863538214661561821	827
40	CTE Lookahead	2	40 130606	48330	6031	0	5204	827	866452931686557696	827
40	CTE Lookahead	2	40 130606	48330	6031	0	5204	827	672588493529949684	827
40	CTE Lookahead	3	40 130606	48330	6031	0	5624	407	475950899345380472	407
40	CTE Lookahead	3	40 130606	48330	6031	0	5624	407	631619776459778762	407
40	CTE Lookahead	3	40 130606	48330	6031	0	5624	407	507744218359192657	407
40	CTE Lookahead	3	40 130606	48330	6031	0	5624	407	467692715343126339	407
40	CTE Lookahead	3	40 130606	48330	6031	0	5624	407	545133960393339042	407
40	CTE Lookahead	4	40 130606	48330	6031	0	5785	246	415409081272806882	246
40	CTE Lookahead	4	40 130606	48330	6031	0	5785	246	418604258264503025	246
40	CTE Lookahead	4	40 130606	48330	6031	0	5785	246	409882922269278505	246
40	CTE Lookahead	4	40 130606	48330	6031	0	5785	246	410590956270869152	246
40	CTE Lookahead	4	40 130606	48330	6031	0	5785	246	367540154247176970	246
40	CTE Lookahead	5	40 130606	48330	6031	0	5871	160	499797091330598343	160
40	CTE Lookahead	5	40 130606	48330	6031	0	5871	160	545509766339774005	160
40	CTE Lookahead	5	40 130606	48330	6031	0	5871	160	428641493279923233	160
40	CTE Lookahead	5	40 130606	48330	6031	0	5871	160	486240120320055105	160
40	CTE Lookahead	5	40 130606	48330	6031	0	5871	160	421371574278541456	160
40	CTE Lookahead	6	40 130606	48330	6031	0	5919	112	652547667486233480	112
40	CTE Lookahead	6	40 130606	48330	6031	0	5919	112	631749237447421243	112
40	CTE Lookahead	6	40 130606	48330	6031	0	5919	112	591744314422007071	112
40	CTE Lookahead	6	40 130606	48330	6031	0	5919	112	614675972435861513	112
40	CTE Lookahead	6	40 130606	48330	6031	0	5919	112	556492565411369689	112
40	CTE Lookahead	7	40 130606	48330	6031	0	5948	83	1200503704908921969	83
40	CTE Lookahead	7	40 130606	48330	6031	0	5948	83	1133654023890737033	83
40	CTE Lookahead	7	40 130606	48330	6031	0	5948	83	1250640670949695918	83
40	CTE Lookahead	7	40 130606	48330	6031	0	5948	83	1193440459907231214	83
40	CTE Lookahead	7	40 130606	48330	6031	0	5948	83	1197253256897416884	83
40	CTE Lookahead	8	40 130606	48330	6031	0	5969	62	27434995762336891175	62
40	CTE Lookahead	8	40 130606	48330	6031	0	5969	62	27458967102324658963	62
40	CTE Lookahead	8	40 130606	48330	6031	0	5969	62	26722211972325744499	62
40	CTE Lookahead	8	40 130606	48330	6031	0	5969	62	26673290682281143669	62
40	CTE Lookahead	8	40 130606	48330	6031	0	5969	62	29334959742512147455	62
40	CTE Lookahead	9	40 130606	48330	6031	0	5978	53	62048782755762262203	53
40	CTE Lookahead	9	40 130606	48330	6031	0	5978	53	61602098965751897557	53
40	CTE Lookahead	9	40 130606	48330	6031	0	5978	53	62475070335800326931	53
40	CTE Lookahead	9	40 130606	48330	6031	0	5978	53	61995387895739664013	53
40	CTE Lookahead	9	40 130606	48330	6031	0	5978	53	62702855175866832081	53
40	Lookahead	1	40 130606	48330	6031	0	5200	831	42371411003930643311	1662
40	Lookahead	1	40 130606	48330	6031	0	5200	831	35549511603287366063	1662
40	Lookahead	1	40 130606	48330	6031	0	5200	831	40013481283723186121	1662
40	Lookahead	1	40 130606	48330	6031	0	5200	831	32882735933048179921	1662
40	Lookahead	1	40 130606	48330	6031	0	5200	831	37706913353514389542	1662
40	Lookahead	5	40 130606	48330	6031	0	5913	118	17500592071504502207	708
40	Lookahead	5	40 130606	48330	6031	0	5913	118	22078590781935005673	708
40	Lookahead	5	40 130606	48330	6031	0	5913	118	20193791611759887293	708
40	Lookahead	5	40 130606	48330	6031	0	5913	118	19118344441646020623	708
40	Lookahead	5	40 130606	48330	6031	0	5913	118	21466768721884127894	708
40	Lookahead	10	40 130606	48330	6031	0	5999	32	1132738223892634170	352
40	Lookahead	10	40 130606	48330	6031	0	5999	32	13107596971023348854	352
40	Lookahead	10	40 130606	48330	6031	0	5999	32	1173653489905857289	352
40	Lookahead	10	40 130606	48330	6031	0	5999	32	739762094592480095	352
40	Lookahead	10	40 130606	48330	6031	0	5999	32	1209451023945087194	352
40	Lookahead	20	40 130606	48330	6031	0	6020	11	964977672579939772	231
40	Lookahead	20	40 130606	48330	6031	0	6020	11	927950065590315965	231
40	Lookahead	20	40 130606	48330	6031	0	6020	11	849153489520848358	231
40	Lookahead	20	40 130606	48330	6031	0	6020	11	825539313523192953	231
40	Lookahead	20	40 130606	48330	6031	0	6020	11	1157293098719455781	231
40	Lookahead	40	40 130606	48330	6031	0	6030	1	484495803190360526	41
40	Lookahead	40	40 130606	48330	6031	0	6030	1	420930217158189544	41
40	Lookahead	40	40 130606	48330	6031	0	6030	1	351246675139513117	41
40	Lookahead	40	40 130606	48330	6031	0	6030	1	372974186142013388	41
40	Lookahead	40	40 130606	48330	6031	0	6030	1	352962987140660578	41
40	Lookahead	60	40 130606	48330	6031	0	6030	1	1239167988441770481	61
40	Lookahead	60	40 130606	48330	6031	0	6030	1	1235646661399519093	61
40	Lookahead	60	40 130606	48330	6031	0	6030	1	1208495760414227990	61
40	Lookahead	60	40 130606	48330	6031	0	6030	1	1254621434412914218	61
40	Lookahead	60	40 130606	48330	6031	0	6030	1	951408361291432547	61
40	Lookahead	80	40 130606	48330	6031	0	6030	1	2141139917727649599	81
40	Lookahead	80	40 130606	48330	6031	0	6030	1	1990034467675689691	81
40	Lookahead	80	40 130606	48330	6031	0	6030	1	1954963285679381195	81
40	Lookahead	80	40 130606	48330	6031	0	6030	1	1958146480615347550	81
40	Lookahead	80	40 130606	48330	6031	0	6030	1	1798527475534059658	81
40	Lookahead	100	40 130606	48330	6031	0	6030	1	4118680218998617352	101
40	Lookahead	100	40 130606	48330	6031	0	6030	1	38886359341002616232	101
40	Lookahead	100	40 130606	48330	6031	0	6030	1	3765213294976372386	101
40	Lookahead	100	40 130606	48330	6031	0	6030	1	37091333221022261701	101
40	Lookahead	100	40 130606	48330	6031	0	6030	1	3722374010983565686	101
40	Lookahead	120	40 130606	48330	6031	0	6030	1	86605649762576773108	121
40	Lookahead	120	40 130606	48330	6031	0	6030	1	75937718852220432148	121
40	Lookahead	120	40 130606	48330	6031	0	6030	1	74892013962176440984	121
40	Lookahead	120	40 130606	48330	6031	0	6030	1	80751915372291272254	121
40	Lookahead	120	40 130606	48330	6031	0	6030	1	80655247762241551094	121
40	Lookahead	140	40 130606	48330	6031	0	6030	1	161780799455072651594	141
40	Lookahead	140	40 130606	48330	6031	0	6030	1	146220350374984065245	141
40	Lookahead	140	40 130606	48330	6031	0	6030	1	146402774754825572633	141
40	Lookahead	140	40 130606	48330	6031	0	6030	1	146207612684702305093	141
40	Lookahead	140	40 130606	48330	6031	0	6030	1	148966378154941808093	141
40	Lookahead	160	40 130606	48330	6031	0	6030	1	206715039447238032670	161
40	Lookahead	160	40 130606	48330	6031	0	6030	1	204238072016919937475	161
40	Lookahead	160	40 130606	48330	6031	0	6030	1	206339685657222821277	161
40	Lookahead	160	40 130606	48330	6031	0	6030	1	206705385847207994861	161
40	Lookahead	160	40 130606	48330	6031	0	6030	1	207524817737106884931	161
40	Lookahead	180	40 130606	48330	6031	0	6030	1	276550686379712637425	181
40	Lookahead	180	40 130606	48330	6031	0	6030	1	274708922499928868811	181
40	Lookahead	180	40 130606	48330	6031	0	6030	1	2823302004810034021203	181
40	Lookahead	180	40 130606	48330	6031	0	6030	1	273463292089817266428	181
40	Lookahead	180	40 130606	48330	6031	0	6030	1	271985222359661239701	181
40	Lookahead	200	40 130606	48330	6031	0	6030	1	3605412570012769733006	201
40	Lookahead	200	40 130606	48330	6031	0	6030	1	3606994334412612880899	201
40	Lookahead	200	40 130606	48330	6031	0	6030	1	3560437003312159356849	201
40	Lookahead	200	40 130606	48330	6031	0	6030	1	3489124596512376856117	201
40	Lookahead	200	40 130606	48330	6031	0	6030	1	3542102436212587181607	201
40	Null Prefetcher	0	40 130606	48330	6031	0	4168	1863	37160830973485032271	1863
40	Null Prefetcher	0	40 130606	48330	6031	0	4168	1863	40881058793879522490	1863
40	Null Prefetcher	0	40 130606	48330	6031	0	4168	1863	48378944444615510289	1863
40	Null Prefetcher	0	40 130606	48330	6031	0	4168	1863	43042931214092178134	1863
40	Null Prefetcher	0	40 130606	48330	6031	0	4168	1863	43313437274126679211	1863
40	Block	100	40 130606	48330	6031	0	4180	1851	8346898297683004321893	1851
40	Block	100	40 130606	48330	6031	0	4180	1851	8262738411882214268094	1851
40	Block	100	40 130606	48330	6031	0	4180	1851	8416913628483764451188	1851
40	Block	100	40 130606	48330	6031	0	4180	1851	8401543162383644099480	1851
40	Block	100	40 130606	48330	6031	0	4180	1851	8539593222285026089648	1851
40	Block	1000	40 130606	48330	6031	0	5172	859	3952663801939270184504	859
40	Block	1000	40 130606	48330	6031	0	5172	859	3925324607238997383781	859
40	Block	1000	40 130606	48330	6031	0	5172	859	3967529251139414404372	859
40	Block	1000	40 130606	48330	6031	0	5172	859	3966648267039406956985	859
40	Block	1000	40 130606	48330	6031	0	5172	859	3963739174739375291274	859
40	Block	5000	40 130606	48330	6031	0	5947	84	41582471673813027608	84
40	Block	5000	40 130606	48330	6031	0	5947	84	44246088914074178128	84
40	Block	5000	40 130606	48330	6031	0	5947	84	42314938583863101233	84
40	Block	5000	40 130606	48330	6031	0	5947	84	43860796084017891039	84
40	Block	5000	40 130606	48330	6031	0	5947	84	43027265543928488509	84
40	Block	10000	40 130606	48330	6031	0	6004	27	29223097292048139219	27
40	Block	10000	40 130606	48330	6031	0	6004	27	28879425542007237718	27
40	Block	10000	40 130606	48330	6031	0	6004	27	30648662292168672086	27
40	Block	10000	40 130606	48330	6031	0	6004	27	30375578312131261051	27
40	Block	10000	40 130606	48330	6031	0	6004	27	30410152422137412434	27
40	Block	15000	40 130606	48330	6031	0	6018	13	27259554021133154276	13
40	Block	15000	40 130606	48330	6031	0	6018	13	26811374151104170803	13
40	Block	15000	40 130606	48330	6031	0	6018	13	27003373921139072117	13
40	Block	15000	40 130606	48330	6031	0	6018	13	26796077821145621075	13
40	Block	15000	40 130606	48330	6031	0	6018	13	25938648621108886053	13
40	Block	20000	40 130606	48330	6031	0	6023	8	2899572976691792148	8
40	Block	20000	40 130606	48330	6031	0	6023	8	2803556646672696892	8
40	Block	20000	40 130606	48330	6031	0	6023	8	2781233119658811854	8
40	Block	20000	40 130606	48330	6031	0	6023	8	2735483646662129394	8
40	Block	20000	40 130606	48330	6031	0	6023	8	2754065530626051235	8
20	CTE Lookahead	1	190853	188037	770	0	537	233	845300772530761777	233
20	CTE Lookahead	1	190853	188037	770	0	537	233	550525197419328140	233
20	CTE Lookahead	1	190853	188037	770	0	537	233	451133315348763453	233
20	CTE Lookahead	1	190853	188037	770	0	537	233	438218612372809849	233
20	CTE Lookahead	1	190853	188037	770	0	537	233	379742663319717593	233
20	CTE Lookahead	2	190853	188037	770	0	665	105	242628771162441369	105
20	CTE Lookahead	2	190853	188037	770	0	665	105	273781965203046648	105
20	CTE Lookahead	2	190853	188037	770	0	665	105	210563866163522581	105
20	CTE Lookahead	2	190853	188037	770	0	665	105	181361221138045811	105
20	CTE Lookahead	2	190853	188037	770	0	665	105	177219643134862644	105
20	CTE Lookahead	3	190853	188037	770	0	726	44	13010610285453415	44
20	CTE Lookahead	3	190853	188037	770	0	726	44	141667054105547376	44
20	CTE Lookahead	3	190853	188037	770	0	726	44	146989221111462941	44
20	CTE Lookahead	3	190853	188037	770	0	726	44	12874915392199346	44
20	CTE Lookahead	3	190853	188037	770	0	726	44	11873892483719924	44
20	CTE Lookahead	4	190853	188037	770	0	742	28	11196858173429022	28
20	CTE Lookahead	4	190853	188037	770	0	742	28	11835808876576150	28
20	CTE Lookahead	4	190853	188037	770	0	742	28	11801138278300133	28
20	CTE Lookahead	4	190853	188037	770	0	742	28	11246226473675618	28
20	CTE Lookahead	4	190853	188037	770	0	742	28	10791209370011676	28
20	CTE Lookahead	5	190853	188037	770	0	753	17	12816165188088653	17
20	CTE Lookahead	5	190853	188037	770	0	753	17	12546489885991587	17
20	CTE Lookahead	5	190853	188037	770	0	753	17	12421362084670018	17
20	CTE Lookahead	5	190853	188037	770	0	753	17	12332324884144405	17
20	CTE Lookahead	5	190853	188037	770	0	753	17	12266455983645844	17
20	CTE Lookahead	6	190853	188037	770	0	756	14	225042498172683808	14
20	CTE Lookahead	6	190853	188037	770	0	756	14	224489203171327681	14
20	CTE Lookahead	6	190853	188037	770	0	756	14	224814197171824831	14
20	CTE Lookahead	6	190853	188037	770	0	756	14	229683206176939163	14
20	CTE Lookahead	6	190853	188037	770	0	756	14	227695693175122727	14
20	CTE Lookahead	7	190853	188037	770	0	760	10	592921040534795815	10
20	CTE Lookahead	7	190853	188037	770	0	760	10	590275602531780847	10
20	CTE Lookahead	7	190853	188037	770	0	760	10	587548783529764188	10
20	CTE Lookahead	7	190853	188037	770	0	760	10	591342193533503419	10
20	CTE Lookahead	7	190853	188037	770	0	760	10	589254534530423116	10
20	CTE Lookahead	8	190853	188037	770	0	761	9	10998879371035357598	9
20	CTE Lookahead	8	190853	188037	770	0	761	9	813997599741080744	9
20	CTE Lookahead	8	190853	188037	770	0	761	9	803111337736746328	9
20	CTE Lookahead	8	190853	188037	770	0	761	9	786365194728815433	9
20	CTE Lookahead	8	190853	188037	770	0	761	9	820640725747111078	9
20	CTE Lookahead	9	190853	188037	770	0	763	7	22086156032142557274	7
20	CTE Lookahead	9	190853	188037	770	0	763	7	21710553002102195136	7
20	CTE Lookahead	9	190853	188037	770	0	763	7	21607954792109048108	7
20	CTE Lookahead	9	190853	188037	770	0	763	7	21754932342102193295	7
20	CTE Lookahead	9	190853	188037	770	0	763	7	23032854562225069817	7
20	Lookahead	1	190853	188037	770	0	664	106	419973742373533601	212
20	Lookahead	1	190853	188037	770	0	664	106	381797977343973128	212
20	Lookahead	1	190853	188037	770	0	664	106	615876161569301207	212
20	Lookahead	1	190853	188037	770	0	664	106	494177001449362881	212
20	Lookahead	1	190853	188037	770	0	664	106	588945787550377297	212
20	Lookahead	5	190853	188037	770	0	758	12	139744734118936624	72
20	Lookahead	5	190853	188037	770	0	758	12	156039492132051351	72
20	Lookahead	5	190853	188037	770	0	758	12	148148726123710241	72
20	Lookahead	5	190853	188037	770	0	758	12	173992803144152886	72
20	Lookahead	5	190853	188037	770	0	758	12	202767322167955902	72
20	Lookahead	10	190853	188037	770	0	764	6	211514145162202846	66
20	Lookahead	10	190853	188037	770	0	764	6	223309959169869581	66
20	Lookahead	10	190853	188037	770	0	764	6	179200897128967118	66
20	Lookahead	10	190853	188037	770	0	764	6	192109037145064509	66
20	Lookahead	10	190853	188037	770	0	764	6	181664628133330305	66
20	Lookahead	20	190853	188037	770	0	769	1	13197845077366891	21
20	Lookahead	20	190853	188037	770	0	769	1	9184382454020351	21
20	Lookahead	20	190853	188037	770	0	769	1	9103469852256004	21
20	Lookahead	20	190853	188037	770	0	769	1	10663012654264588	21
20	Lookahead	20	190853	188037	770	0	769	1	8859980650530766	21
20	Lookahead	40	190853	188037	770	0	769	1	786366165331123163	41
20	Lookahead	40	190853	188037	770	0	769	1	675913832218724915	41
20	Lookahead	40	190853	188037	770	0	769	1	541562667173905586	41
20	Lookahead	40	190853	188037	770	0	769	1	476189278164773713	41
20	Lookahead	40	190853	188037	770	0	769	1	716670111230838470	41
20	Lookahead	60	190853	188037	770	0	769	1	2409479586753824383	61
20	Lookahead	60	190853	188037	770	0	769	1	1502874077406129936	61
20	Lookahead	60	190853	188037	770	0	769	1	1458704191373226631	61
20	Lookahead	60	190853	188037	770	0	769	1	1701077198501077920	61
20	Lookahead	60	190853	188037	770	0	769	1	1738542777483511447	61
20	Lookahead	80	190853	188037	770	0	769	1	46170488311113040291	81
20	Lookahead	80	190853	188037	770	0	769	1	3873658318832691761	81
20	Lookahead	80	190853	188037	770	0	769	1	4132546971921984509	81
20	Lookahead	80	190853	188037	770	0	769	1	3726528137839287345	81
20	Lookahead	80	190853	188037	770	0	769	1	3717810921814369901	81
20	Lookahead	100	190853	188037	770	0	769	1	91227018462762289359	101
20	Lookahead	100	190853	188037	770	0	769	1	81723045512411551097	101
20	Lookahead	100	190853	188037	770	0	769	1	82658477232473853188	101
20	Lookahead	100	190853	188037	770	0	769	1	86266942882373876627	101
20	Lookahead	100	190853	188037	770	0	769	1	83245320562383821272	101
20	Lookahead	120	190853	188037	770	0	769	1	150002134085218249436	121
20	Lookahead	120	190853	188037	770	0	769	1	143994811765014818988	121
20	Lookahead	120	190853	188037	770	0	769	1	164448337235016735518	121
20	Lookahead	120	190853	188037	770	0	769	1	149363992105044307264	121
20	Lookahead	120	190853	188037	770	0	769	1	151638701315267016993	121
20	Lookahead	140	190853	188037	770	0	769	1	223803060677999928437	141
20	Lookahead	140	190853	188037	770	0	769	1	226660587037679416860	141
20	Lookahead	140	190853	188037	770	0	769	1	227530428447911030220	141
20	Lookahead	140	190853	188037	770	0	769	1	224457682577978371858	141
20	Lookahead	140	190853	188037	770	0	769	1	219340311857393904917	141
20	Lookahead	160	190853	188037	770	0	769	1	3137402928010655717051	161
20	Lookahead	160	190853	188037	770	0	769	1	3131380589610456560545	161
20	Lookahead	160	190853	188037	770	0	769	1	3152490489310592708277	161
20	Lookahead	160	190853	188037	770	0	769	1	3194214322510739530032	161
20	Lookahead	160	190853	188037	770	0	769	1	3193524166510592108349	161
20	Lookahead	180	190853	188037	770	0	769	1	4300186828313293467442	181
20	Lookahead	180	190853	188037	770	0	769	1	4100543245513033222857	181
20	Lookahead	180	190853	188037	770	0	769	1	4043102453812978017064	181
20	Lookahead	180	190853	188037	770	0	769	1	4050650636613238422947	181
20	Lookahead	180	190853	188037	770	0	769	1	4064421794512964932838	181
20	Lookahead	200	190853	188037	770	0	769	1	5043922217916127217985	201
20	Lookahead	200	190853	188037	770	0	769	1	4988637302815790297337	201
20	Lookahead	200	190853	188037	770	0	769	1	4927526496315391054288	201
20	Lookahead	200	190853	188037	770	0	769	1	4972488953915687681942	201
20	Lookahead	200	190853	188037	770	0	769	1	4979663512815753110042	201
20	Null Prefetcher	0	190853	188037	770	0	537	233	509328004470608317	233
20	Null Prefetcher	0	190853	188037	770	0	537	233	463532154435068450	233
20	Null Prefetcher	0	190853	188037	770	0	537	233	463977811435100893	233
20	Null Prefetcher	0	190853	188037	770	0	537	233	476948976445179375	233
20	Null Prefetcher	0	190853	188037	770	0	537	233	646998693612152183	233
20	Block	100	190853	188037	770	0	545	225	1164095668711567378780	225
20	Block	100	190853	188037	770	0	545	225	1152827191311466657140	225
20	Block	100	190853	188037	770	0	545	225	1144317676111391672196	225
20	Block	100	190853	188037	770	0	545	225	1125829256611199037675	225
20	Block	100	190853	188037	770	0	545	225	1170825504711649774377	225
20	Block	1000	190853	188037	770	0	671	99	51386198225098950676	99
20	Block	1000	190853	188037	770	0	671	99	51377520235099451758	99
20	Block	1000	190853	188037	770	0	671	99	52485928705210585382	99
20	Block	1000	190853	188037	770	0	671	99	50487821475011914173	99
20	Block	1000	190853	188037	770	0	671	99	51649777745127076271	99
20	Block	5000	190853	188037	770	0	756	14	766765020711915901	14
20	Block	5000	190853	188037	770	0	756	14	771921626723002692	14
20	Block	5000	190853	188037	770	0	756	14	816322506766153958	14
20	Block	5000	190853	188037	770	0	756	14	843308501793486250	14
20	Block	5000	190853	188037	770	0	756	14	884314444829615062	14
20	Block	10000	190853	188037	770	0	766	4	423286461297933528	4
20	Block	10000	190853	188037	770	0	766	4	401185535279570358	4
20	Block	10000	190853	188037	770	0	766	4	470429806343982248	4
20	Block	10000	190853	188037	770	0	766	4	337291330235150112	4
20	Block	10000	190853	188037	770	0	766	4	321144799229665301	4
20	Block	15000	190853	188037	770	0	766	4	669528946318595177	4
20	Block	15000	190853	188037	770	0	766	4	679690822332480044	4
20	Block	15000	190853	188037	770	0	766	4	632975626316696530	4
20	Block	15000	190853	188037	770	0	766	4	663737772318642473	4
20	Block	15000	190853	188037	770	0	766	4	669321624323594780	4
20	Block	20000	190853	188037	770	0	768	2	457752374163472128	2
20	Block	20000	190853	188037	770	0	768	2	479795190160089465	2
20	Block	20000	190853	188037	770	0	768	2	495564711152796561	2
20	Block	20000	190853	188037	770	0	768	2	448404069162048798	2
20	Block	20000	190853	188037	770	0	768	2	413750739119850092	2
